,Block 0,Block 1,Block 2,Block 3,Block 4,Block 5,Block 6,Block 7
101,,,,,,,"ADST - Woodwork 9 (9 students)
ADST – WOODWORK 10 (5 students)
WOODWORK 11 (6 students)
WOODWORK 12 (4 students)","ADST - Woodwork 9 (8 students)
ADST – WOODWORK 10 (6 students)
WOODWORK 11 (7 students)
WOODWORK 12 (3 students)"
102,,"AUTOMOTIVE TECHNOLOGY 11 (9 students)
AUTOMOTIVE TECHNOLOGY 12 (14 students)
ENGINE AND DRIVETRAIN 12 (1 students)","AUTOMOTIVE TECHNOLOGY 11 (7 students)
AUTOMOTIVE TECHNOLOGY 12 (17 students)
ENGINE AND DRIVETRAIN 12 (0 students)",,,,"AUTOMOTIVE TECHNOLOGY 11 (9 students)
AUTOMOTIVE TECHNOLOGY 12 (10 students)
ENGINE AND DRIVETRAIN 12 (5 students)",
103,,,"ADST – POWER TECHNOLOGY 10 (22 students)
TECH ED 9: MECHANICS LD (8 students)","ADST – POWER TECHNOLOGY 10 (17 students)
TECH ED 9: MECHANICS LD (13 students)",,,,
104,CAREER LIFE EDUCATION 10 (27 students),"ADST 9 - General Explorations (Modules) (20 students)
ENGINEERING 11 (2 students)
ENGINEERING 12 (0 students)
ADST-Technology Explorations 10 (8 students)","ADST 9 - General Explorations (Modules) (2 students)
ENGINEERING 11 (7 students)
ENGINEERING 12 (11 students)
ADST-Technology Explorations 10 (10 students)","ADST - Electronics and Robotics (19 students)
ADST – ELECTRONICS AND ROBOTICS 10 (2 students)
ROBOTICS 11 (1 students)
ROBOTICS 12 (2 students)","ADST - Electronics and Robotics (9 students)
ADST – ELECTRONICS AND ROBOTICS 10 (8 students)
ROBOTICS 11 (3 students)
ROBOTICS 12 (4 students)",CAREER LIFE EDUCATION 10 (30 students),,CAREER LIFE EDUCATION 10 (28 students)
105,"ADST 9 - General Explorations (Modules) (21 students)
ENGINEERING 11 (2 students)
ENGINEERING 12 (0 students)
ADST-Technology Explorations 10 (7 students)","ADST - Drafting 9 (25 students)
ADST – DRAFTING 10 (4 students)
DRAFTING 11 (0 students)
DRAFTING 12 (1 students)","ADST - Drafting 9 (7 students)
ADST – DRAFTING 10 (8 students)
DRAFTING 11 (5 students)
DRAFTING 12 (7 students)","ADST - Drafting 9 (11 students)
ADST – DRAFTING 10 (6 students)
DRAFTING 11 (7 students)
DRAFTING 12 (6 students)","ADST - Drafting 9 (15 students)
ADST – DRAFTING 10 (6 students)
DRAFTING 11 (1 students)
DRAFTING 12 (6 students)","ADST 9 - General Explorations (Modules) (8 students)
ENGINEERING 11 (3 students)
ENGINEERING 12 (9 students)
ADST-Technology Explorations 10 (10 students)","ADST 9 - General Explorations (Modules) (17 students)
ENGINEERING 11 (3 students)
ENGINEERING 12 (5 students)
ADST-Technology Explorations 10 (2 students)",
106,PRE-CALCULUS 11 (21 students),MATHEMATICS 9 (30 students),MATHEMATICS 9 HONOURS (22 students),PRE-CALCULUS 12 (30 students),WORKPLACE MATHEMATICS 11 (15 students),CALCULUS 12 (30 students),PRE-CALCULUS 11 (23 students),FOUNDATIONS OF MATHEMATICS 11 (30 students)
107,ENGLISH FIRST PEOPLES 12 Year (10 students),COMPOSITION 11 (19 students),ENGLISH 9 FOR ELL (10 students),ENGLISH LANGUAGE ARTS 9 (23 students),EXPLORATIONS IN SOCIAL STUDIES 11 (19 students),SOCIAL STUDIES 9 (27 students),"ENGLISH FIRST PEOPLES 12 Year (10 students)
FRENCH 11 (22 students)
FRENCH 12 (8 students)",LITERARY STUDIES 11 Challenge (14 students)
108,LEARNING STRATEGIES 9 LD (2 students),,LEARNING STRATEGIES 11 LINEAR (3 students),,,,LEARNING STRATEGIES 11 (6 students),"LEARNING STRATEGIES 9 LD (3 students)
LEARNING STRATEGIES 10 (2 students)
LEARNING STRATEGIES 11 LINEAR (3 students)"
109,"LEARNING STRATEGIES 9 LD (1 students)
LEARNING STRATEGIES 9 LD (1 students)
LEARNING STRATEGIES 9 LD (4 students)","LEARNING STRATEGIES 10 (2 students)
LEARNING STRATEGIES 10 LINEAR (2 students)
LEARNING STRATEGIES 12 (7 students)
LEARNING STRATEGIES 9 LD LINEAR (1 students)","LEARNING STRATEGIES 10 (4 students)
LEARNING STRATEGIES 9 LD LINEAR (3 students)","LEARNING STRATEGIES 11 (4 students)
LEARNING STRATEGIES 11 (1 students)",LEARNING STRATEGIES 12 (4 students),"LEARNING STRATEGIES 10 (8 students)
LEARNING STRATEGIES 12 (1 students)",LEARNING STRATEGIES 9 LD LINEAR (3 students),"LEARNING STRATEGIES 10 LINEAR (2 students)
LEARNING STRATEGIES 12 (8 students)
LEARNING STRATEGIES 9 LD LINEAR (1 students)"
113,,,,,,"VISUAL ARTS: PHOTOGRAPHY 10 (15 students)
PHOTOGRAPHY 11 (14 students)
PHOTOGRAPHY 12 (1 students)","VISUAL ARTS: PHOTOGRAPHY 10 (13 students)
PHOTOGRAPHY 11 (14 students)
PHOTOGRAPHY 12 (3 students)",
114,Information and Communications Technologies 10 (24 students),,Information and Communications Technologies 10 (24 students),3D ANIMATION 12 (24 students),"ADST – MEDIA DESIGN 10 (14 students)
MEDIA DESIGN 11 (8 students)
MEDIA DESIGN 12 (2 students)","ADST – MEDIA DESIGN 10 (11 students)
MEDIA DESIGN 11 (8 students)
MEDIA DESIGN 12 (5 students)",Information and Communications Technologies 10 (24 students),
116,,,"VISUAL ARTS 9 (15 students)
VISUAL ARTS: ART STUDIO 10 (4 students)
ART STUDIO 11 (5 students)
ART STUDIO 12 (6 students)","VISUAL ARTS 9 (11 students)
VISUAL ARTS: ART STUDIO 10 (7 students)
ART STUDIO 11 (7 students)
ART STUDIO 12 (5 students)","VISUAL ARTS 9 (20 students)
VISUAL ARTS: ART STUDIO 10 (4 students)
ART STUDIO 11 (2 students)
ART STUDIO 12 (4 students)",,,
119,"INSTRUMENTAL MUSIC 11: CONCERT BAND LINEAR (9 students)
INSTRUMENTAL MUSIC 12: CONCERT BAND LINEAR (6 students)
CONCERT BAND 9 Linear (23 students)",INSTRUMENTAL MUSIC: CONCERT BAND 10 Linear (29 students),INSTRUMENTAL MUSIC 12: GUITAR (11 students),INSTRUMENTAL MUSIC 11: GUITAR (12 students),INSTRUMENTAL MUSIC: GUITAR 10 (16 students),"INSTRUMENTAL MUSIC 11: CONCERT BAND LINEAR (9 students)
INSTRUMENTAL MUSIC 12: CONCERT BAND LINEAR (6 students)",CONCERT BAND 9 - Guitar (20 students),"INSTRUMENTAL MUSIC: CONCERT BAND 10 Linear (29 students)
CONCERT BAND 9 Linear (23 students)"
120,,,,"CROSS TRAINING 10 (10 students)
CROSS TRAINING 11 (13 students)
CROSS TRAINING 12 (7 students)",,,,
121,20th CENTURY WORLD HISTORY 12 (29 students),SOCIAL STUDIES 10 (30 students),SOCIAL STUDIES 9 CHALLENGE (25 students),SOCIAL STUDIES 9 (15 students),CRIMINOLOGY 12 (30 students),SOCIAL STUDIES 9 (30 students),LAW STUDIES 12 (30 students),CONTEMPORARY INDIGENOUS STUDIES 12 (18 students)
122,ENGLISH FIRST PEOPLES 12 (27 students),SOCIAL STUDIES 10 CHALLENGE (23 students),EXPLORATIONS IN SOCIAL STUDIES 11 (30 students),SOCIAL STUDIES 10 (17 students),20th CENTURY WORLD HISTORY 12 (28 students),ENVIRONMENTAL SCIENCE 11 (21 students),SOCIAL STUDIES 9 (16 students),LAW STUDIES 12 (30 students)
123,"SPANISH 10 (14 students)
SPANISH 11 (13 students)
SPANISH 12 (1 students)",SOCIAL STUDIES 10 (23 students),AP ENGLISH LITERATURE & COMPOSITION 12 (25 students),EFP WRITING 10 (30 students),,SOCIAL STUDIES 9 (24 students),,LAW STUDIES 12 (27 students)
201,CAREER LIFE EDUCATION 10 (30 students),CAREER LIFE EDUCATION 10 Linear (15 students),,,CAREER LIFE EDUCATION 10 Linear (15 students),,,
203,COMPUTER PROGRAMMING 12 AI and (2 students),"COMPUTER SCIENCE 11 (15 students)
COMPUTER SCIENCE 12 (9 students)","COMPUTER SCIENCE 11 (20 students)
COMPUTER SCIENCE 12 (4 students)",,COMPUTER PROGRAMMING 11 AI and (24 students),,Information and Communications Technologies 10 (24 students),"AP COMPUTER SCIENCE A 12 (3 students)
COMPUTER SCIENCE 11 (17 students)
COMPUTER SCIENCE 12 (4 students)"
205A,"ACCOUNTING 11 (28 students)
ACCOUNTING 12 (2 students)",ENVIRONMENTAL SCIENCE 12 - CLIMATE CHANGE (22 students),PSYCHOLOGY 11 (30 students),ENGLISH LANGUAGE ARTS 9 CHALLENGE (22 students),"INTRODUCTORY SPANISH 11 (9 students)
SPANISH 9 (19 students)",ENGLISH STUDIES 12 (21 students),,EFP WRITING 10 (17 students)
205B,ENGLISH FIRST PEOPLES 12 (20 students),SOCIAL STUDIES 10 (15 students),"SPOKEN LANGUAGE 11 (4 students)
ELL Academic Literacy 11 (10 students)",SOCIAL STUDIES 10 (21 students),CRIMINOLOGY 12 (25 students),COMPOSITION 11 (20 students),SOCIAL STUDIES 9 (15 students),ENGLISH LANGUAGE ARTS 9 (22 students)
206,ADST – FOOD STUDIES 10 (18 students),,"FOOD STUDIES 11 (11 students)
FOOD STUDIES 12 (19 students)","FOOD STUDIES 11 (13 students)
FOOD STUDIES 12 (17 students)","FOOD STUDIES 11 (9 students)
FOOD STUDIES 12 (21 students)",ADST – FOOD STUDIES 10 (30 students),ADST – FOOD STUDIES 10 (27 students),"FOOD STUDIES 11 (11 students)
FOOD STUDIES 12 (19 students)"
207A,,COMPOSITION 11 (29 students),ENVIRONMENTAL SCIENCE 11 (14 students),SOCIAL STUDIES 10 (16 students),PHYSICAL GEOGRAPHY 12 (22 students),ENGLISH STUDIES 12 (28 students),CONTEMPORARY INDIGENOUS STUDIES 12 (19 students),COMPOSITION 10 Challenge (22 students)
207B,CAREER LIFE EDUCATION 10 (16 students),COMPOSITION 11 (23 students),COMPOSITION 10 (28 students),ENGLISH STUDIES 12 (24 students),"SPANISH 11 (11 students)
SPANISH 12 (15 students)","FRENCH 9 (18 students)
FRENCH 10 (12 students)","INTRODUCTORY SPANISH 11 (7 students)
SPANISH 9 (23 students)",COMPOSITION 11 (26 students)
208,"FRENCH 9 (21 students)
FRENCH 10 (9 students)",SOCIAL JUSTICE 12 (27 students),,SOCIAL STUDIES 10 (18 students),ADST – ENTREPRENEURSHIP AND MARKETING 10 (30 students),SOCIAL STUDIES 10 CHALLENGE (22 students),COMPARATIVE CULTURES 12 (30 students),ADST – ENTREPRENEURSHIP AND MARKETING 10 (30 students)
209,"ECONOMICS 12 (24 students)
E-COMMERCE 12 (3 students)",SOCIAL JUSTICE 12 (30 students),EFP WRITING 10 (22 students),COMPOSITION 11 (28 students),SOCIAL STUDIES 9 CHALLENGE (21 students),ENGLISH STUDIES 12 CHALLENGE (14 students),,PSYCHOLOGY 11 (30 students)
210,FOUNDATIONS OF MATH AND PRE-CALCULUS 10 CHALLENGE (30 students),MATHEMATICS 9 (30 students),,PRE-CALCULUS 12 (30 students),MATHEMATICS 9 (22 students),FOUNDATIONS OF MATH AND PRE-CALCULUS 10 HONOURS (26 students),FOUNDATIONS OF MATH AND PRE-CALCULUS 10 (30 students),
211,SCIENCE 10 (23 students),ANATOMY AND PHYSIOLOGY 12 (22 students),CHEMISTRY 11 (16 students),SCIENCE 9 (24 students),SCIENCE 9 (24 students),PHYSICS 11 (23 students),SCIENCE 10: CHALLENGE (24 students),SCIENCE 9: CHALLENGE (12 students)
212,PRE-CALCULUS 12 (28 students),PRE-CALCULUS 12 HONOURS (24 students),,AP STATISTICS 12 (28 students),CALCULUS 12 (26 students),,FOUNDATIONS OF MATH AND PRE-CALCULUS 10 (29 students),MATHEMATICS 9 CHALLENGE (18 students)
214,PRE-CALCULUS 11 (30 students),WORKPLACE MATHEMATICS 11 (20 students),,WORKPLACE MATHEMATICS 10 (19 students),FOUNDATIONS OF MATH AND PRE-CALCULUS 10 (25 students),,PRE-CALCULUS 11 (19 students),PRE-CALCULUS 12 (18 students)
216,CHEMISTRY 12 (24 students),CHEMISTRY 12 (24 students),LIFE SCIENCES 11 (24 students),ANATOMY AND PHYSIOLOGY 12 (21 students),SCIENCE 10: CHALLENGE (21 students),PHYSICS 11 (20 students),SCIENCE 10 (24 students),SCIENCE 9 (24 students)
219,LIFE SCIENCES 11 (19 students),CHEMISTRY 12 (20 students),,PHYSICS 11 (24 students),SCIENCE 10 (23 students),CHEMISTRY 11 (20 students),PHYSICS 12 (23 students),SCIENCE 9 (24 students)
220,MATHEMATICS 9 (30 students),PRE-CALCULUS 11 (29 students),,FOUNDATIONS OF MATH AND PRE-CALCULUS 10 CHALLENGE (14 students),FOUNDATIONS OF MATHEMATICS 11 (30 students),,PRE-CALCULUS 11 (22 students),PRE-CALCULUS 12 (23 students)
221,FOUNDATIONS OF MATH AND PRE-CALCULUS 10 (30 students),,,,CALCULUS 12 (29 students),PRE-CALCULUS 12 (27 students),PRE-CALCULUS 11 HONOURS (30 students),AP CALCULUS AB 12 external credential (25 students)
222,"ECONOMICS 12 (19 students)
E-COMMERCE 12 (3 students)",SOCIAL STUDIES 10 (28 students),EXPLORATIONS IN SOCIAL STUDIES 11 (23 students),ENGLISH LANGUAGE ARTS 9 (18 students),CONTEMPORARY INDIGENOUS STUDIES 12 CHALLENGE (25 students),SOCIAL STUDIES 9 (22 students),PSYCHOLOGY 11 (30 students),LAW STUDIES 12 (27 students)
223,,CHEMISTRY 12 (18 students),PHYSICS 12 (24 students),PHYSICS 11 (19 students),CHEMISTRY 11 (19 students),,ANATOMY AND PHYSIOLOGY 12 (23 students),SCIENCE 10 (23 students)
225,,CHEMISTRY 12 (16 students),CHEMISTRY 11 (21 students),ANATOMY AND PHYSIOLOGY 12 (22 students),SCIENCE 10 (22 students),PHYSICS 11 (24 students),CHEMISTRY 12 (24 students),PHYSICS 12 (22 students)
226,SCIENCE 10 (24 students),SCIENCE 9: CHALLENGE (24 students),CHEMISTRY 11 (21 students),PHYSICS 11 (24 students),LIFE SCIENCES 11 (23 students),LIFE SCIENCES 11 (22 students),ANATOMY AND PHYSIOLOGY 12 (24 students),SCIENCE 9 (24 students)
227,,SCIENCE 9 (24 students),CHEMISTRY 11 (24 students),,SCIENCE 10 (24 students),LIFE SCIENCES 11 (24 students),AP PHYSICS C (MECHANICS) 12 external credential (23 students),PHYSICS 12 (24 students)
A-1,,"DRAMA 9 (9 students)
DRAMA 10 (7 students)
DRAMA 11 (6 students)
DRAMA 12 (8 students)",,,,,,
A-2,ENGLISH STUDIES 12 (22 students),COMPOSITION 11 (16 students),ENVIRONMENTAL SCIENCE 11 (20 students),ENGLISH LANGUAGE ARTS 9 (15 students),"ACCOUNTING 11 (21 students)
ACCOUNTING 12 (9 students)",ENGLISH FIRST PEOPLES 12 (30 students),"FRENCH 9 (14 students)
FRENCH 10 (6 students)","ENTREPRENEURSHIP 12 (8 students)
MARKETING AND PROMOTION 11 (22 students)"
A-3,"FRENCH 11 (24 students)
FRENCH 12 (6 students)",BEGINNERS ELL 10 (8 students),ENGLISH LANGUAGE ARTS 9 (30 students),COMPOSITION 10 Challenge (23 students),CRIMINOLOGY 12 (30 students),COMPOSITION 10 (27 students),,CONTEMPORARY INDIGENOUS STUDIES 12 CHALLENGE (17 students)
A-6,ENGLISH LANGUAGE ARTS 9 (30 students),COMPOSITION 11 (25 students),ENGLISH STUDIES 12 (28 students),COMPOSITION 11 (30 students),ENGLISH STUDIES 12 CHALLENGE (15 students),ENGLISH LANGUAGE ARTS 9 CHALLENGE (24 students),,EFP WRITING 10 (30 students)
A-7,"ADST - Textiles 9 (13 students)
TEXTILES 10 (5 students)
TEXTILES 11 (5 students)
TEXTILES 12 (7 students)",LITERARY STUDIES 11 Challenge (30 students),EFP WRITING 10 (18 students),LITERARY STUDIES 12 (24 students),"ADST - Textiles 9 (7 students)
TEXTILES 10 (11 students)
TEXTILES 11 (7 students)
TEXTILES 12 (5 students)","ADST - Textiles 9 (6 students)
TEXTILES 10 (12 students)
TEXTILES 11 (4 students)
TEXTILES 12 (8 students)",,"ADST - Textiles 9 (7 students)
TEXTILES 10 (6 students)
TEXTILES 11 (9 students)
TEXTILES 12 (8 students)"
Gym,"PHYSICAL AND HEALTH EDUCATION 9 Linear (23 students)
PHYSICAL AND HEALTH EDUCATION 9 Linear (10 students)
ACTIVE LIVING 11 Football (13 students)
PHYSICAL AND HEALTH EDUCATION 10 Football (13 students)","PHYSICAL AND HEALTH EDUCATION 9 Yoga for Mindfulns (10 students)
PHYSICAL AND HEALTH EDUCATION 10 LINEAR (30 students)
YOGA FOR MINDFULNESS 10 (3 students)
YOGA FOR MINDFULNESS 11 (9 students)
YOGA FOR MINDFULNESS 12 (8 students)","PHYSICAL AND HEALTH EDUCATION 9 (18 students)
PHYSICAL AND HEALTH EDUCATION 9 (8 students)
PHYSICAL AND HEALTH EDUCATION 9 Girls (22 students)
PHYSICAL AND HEALTH EDUCATION 9 Girls (5 students)
PHYSICAL AND HEALTH EDUCATION 10 (6 students)
PHYSICAL AND HEALTH EDUCATION 10 (22 students)
PHYSICAL AND HEALTH EDUCATION 10 Girls (8 students)
PHYSICAL AND HEALTH EDUCATION 10 Girls (25 students)",,"PHYSICAL AND HEALTH EDUCATION 9 Linear (10 students)
PHYSICAL AND HEALTH EDUCATION 9 Boys (17 students)
PHYSICAL AND HEALTH EDUCATION 10 Boys (13 students)","ACTIVE LIVING 11 (11 students)
ACTIVE LIVING 12 (19 students)
PHYSICAL AND HEALTH EDUCATION 9 (22 students)
PHYSICAL AND HEALTH EDUCATION 9 Boys (9 students)
PHYSICAL AND HEALTH EDUCATION 10 (8 students)
PHYSICAL AND HEALTH EDUCATION 10 Boys (21 students)","ACTIVE LIVING 11 (14 students)
ACTIVE LIVING 12 (14 students)
PHYSICAL AND HEALTH EDUCATION 9 Girls (22 students)
PHYSICAL AND HEALTH EDUCATION 9 Girls (13 students)
PHYSICAL AND HEALTH EDUCATION 10 Girls (8 students)
PHYSICAL AND HEALTH EDUCATION 10 Girls (17 students)
ACTIVE LIVING 11 Girls (15 students)
ACTIVE LIVING 12 Girls (6 students)","PHYSICAL AND HEALTH EDUCATION 9 Linear (23 students)
PHYSICAL AND HEALTH EDUCATION 9 Boys (9 students)
PHYSICAL AND HEALTH EDUCATION 10 LINEAR (30 students)
PHYSICAL AND HEALTH EDUCATION 10 Boys (21 students)
PHYSICAL AND HEALTH EDUCATION 9 Football (3 students)"
Studio,"DANCE TECHNIQUE AND PERFORMANCE 11 (9 students)
DANCE TECHNIQUE AND PERFORMANCE 12 (10 students)","DANCE 9 Performance and Technique (6 students)
DANCE TECHNIQUE AND PERFORMANCE 10 (3 students)","DANCE FOUNDATIONS 10 (8 students)
DANCE FOUNDATIONS 11 (6 students)
DANCE FOUNDATIONS 12 (7 students)
DANCE 9 Foundations (9 students)","DANCE 9 HIP HOP (18 students)
DANCE CONDITIONING 11 (3 students)
DANCE CONDITIONING 12 (6 students)",,,,
_CHECK THIS THING IDK,,,,,,,,"OUTDOOR EDUCATION 11 (9 students)
OUTDOOR EDUCATION 12 (12 students)
OUTDOOR EDUCATION 10 (9 students)"
