Group / Section Info,Room-Sharing Groups,Sections
sim_16 (BLOCK 0) (ROOM 104) (30 STUDENTS) (4 SECTIONS),0 groups:,"ADST 9 - General Explorations (Modules) (MADGE09---_5), ENGINEERING 11 (MENR-11---_5), ENGINEERING 12 (MENR-12---_5), ADST-Technology Explorations 10 (MTEXP10---_5)"
sim_233 (BLOCK 0) (ROOM 107) (19 STUDENTS) (1 SECTIONS),0 groups:,SOCIAL STUDIES 9 (MSS--09---_3)
sim_307 (BLOCK 0) (ROOM 108) (9 STUDENTS) (1 SECTIONS),"11 groups: sim_309, sim_318, sim_327, sim_328, sim_329, sim_332, sim_335, sim_336, sim_337, sim_338, sim_364",LEARNING STRATEGIES 11 (YED--1DX--_8)
sim_309 (BLOCK 0) (ROOM 108) (0 STUDENTS) (1 SECTIONS),"11 groups: sim_307, sim_318, sim_327, sim_328, sim_329, sim_332, sim_335, sim_336, sim_337, sim_338, sim_364",LEARNING STRATEGIES 11 (YED--1DX--_10)
sim_318 (BLOCK 0) (ROOM 108) (4 STUDENTS) (1 SECTIONS),"11 groups: sim_307, sim_309, sim_327, sim_328, sim_329, sim_332, sim_335, sim_336, sim_337, sim_338, sim_364",LEARNING STRATEGIES 11 LINEAR (YED--1DX-L_1)
sim_327 (BLOCK 0) (ROOM 108) (0 STUDENTS) (1 SECTIONS),"11 groups: sim_307, sim_309, sim_318, sim_328, sim_329, sim_332, sim_335, sim_336, sim_337, sim_338, sim_364",LEARNING STRATEGIES 12 (YED--2CX--_6)
sim_328 (BLOCK 0) (ROOM 108) (0 STUDENTS) (1 SECTIONS),"11 groups: sim_307, sim_309, sim_318, sim_327, sim_329, sim_332, sim_335, sim_336, sim_337, sim_338, sim_364",LEARNING STRATEGIES 12 (YED--2CX--_7)
sim_329 (BLOCK 0) (ROOM 108) (0 STUDENTS) (1 SECTIONS),"11 groups: sim_307, sim_309, sim_318, sim_327, sim_328, sim_332, sim_335, sim_336, sim_337, sim_338, sim_364",LEARNING STRATEGIES 12 (YED--2CX--_8)
sim_332 (BLOCK 0) (ROOM 108) (0 STUDENTS) (1 SECTIONS),"11 groups: sim_307, sim_309, sim_318, sim_327, sim_328, sim_329, sim_335, sim_336, sim_337, sim_338, sim_364",LEARNING STRATEGIES 12 (YED--2CX--_11)
sim_335 (BLOCK 0) (ROOM 108) (0 STUDENTS) (1 SECTIONS),"11 groups: sim_307, sim_309, sim_318, sim_327, sim_328, sim_329, sim_332, sim_336, sim_337, sim_338, sim_364",LEARNING STRATEGIES 12 (YED--2CX--_14)
sim_336 (BLOCK 0) (ROOM 108) (0 STUDENTS) (1 SECTIONS),"11 groups: sim_307, sim_309, sim_318, sim_327, sim_328, sim_329, sim_332, sim_335, sim_337, sim_338, sim_364",LEARNING STRATEGIES 12 (YED--2CX--_15)
sim_337 (BLOCK 0) (ROOM 108) (0 STUDENTS) (1 SECTIONS),"11 groups: sim_307, sim_309, sim_318, sim_327, sim_328, sim_329, sim_332, sim_335, sim_336, sim_338, sim_364",LEARNING STRATEGIES 12 (YED--2CX--_16)
sim_338 (BLOCK 0) (ROOM 108) (0 STUDENTS) (1 SECTIONS),"11 groups: sim_307, sim_309, sim_318, sim_327, sim_328, sim_329, sim_332, sim_335, sim_336, sim_337, sim_364",LEARNING STRATEGIES 12 (YED--2CX--_17)
sim_364 (BLOCK 0) (ROOM 108) (0 STUDENTS) (1 SECTIONS),"11 groups: sim_307, sim_309, sim_318, sim_327, sim_328, sim_329, sim_332, sim_335, sim_336, sim_337, sim_338",LEARNING STRATEGIES 9 LD LINEAR (XLDCB09LSL_3)
sim_316 (BLOCK 0) (ROOM 109) (0 STUDENTS) (1 SECTIONS),"5 groups: sim_317, sim_323, sim_325, sim_340, sim_341",LEARNING STRATEGIES 11 (YED--1DX--_17)
sim_317 (BLOCK 0) (ROOM 109) (0 STUDENTS) (1 SECTIONS),"5 groups: sim_316, sim_323, sim_325, sim_340, sim_341",LEARNING STRATEGIES 11 (YED--1DX--_18)
sim_323 (BLOCK 0) (ROOM 109) (10 STUDENTS) (1 SECTIONS),"5 groups: sim_316, sim_317, sim_325, sim_340, sim_341",LEARNING STRATEGIES 12 (YED--2CX--_2)
sim_325 (BLOCK 0) (ROOM 109) (0 STUDENTS) (1 SECTIONS),"5 groups: sim_316, sim_317, sim_323, sim_340, sim_341",LEARNING STRATEGIES 12 (YED--2CX--_4)
sim_340 (BLOCK 0) (ROOM 109) (0 STUDENTS) (1 SECTIONS),"5 groups: sim_316, sim_317, sim_323, sim_325, sim_341",LEARNING STRATEGIES 12 LINEAR (YED--2CX-L_2)
sim_341 (BLOCK 0) (ROOM 109) (0 STUDENTS) (1 SECTIONS),"5 groups: sim_316, sim_317, sim_323, sim_325, sim_340",LEARNING STRATEGIES 12 LINEAR (YED--2CX-L_3)
sim_121 (BLOCK 0) (ROOM 114) (23 STUDENTS) (1 SECTIONS),0 groups:,3D ANIMATION 12 (MDMD-12D--_1)
sim_237 (BLOCK 0) (ROOM 121) (30 STUDENTS) (1 SECTIONS),0 groups:,SOCIAL STUDIES 9 (MSS--09---_7)
sim_107 (BLOCK 0) (ROOM 122) (15 STUDENTS) (1 SECTIONS),0 groups:,COMPOSITION 10 (MCMPS10---_1)
sim_247 (BLOCK 0) (ROOM 123) (30 STUDENTS) (1 SECTIONS),0 groups:,SOCIAL STUDIES 10 (MSS--10---_8)
sim_43 (BLOCK 0) (ROOM 203) (24 STUDENTS) (2 SECTIONS),0 groups:,"COMPUTER SCIENCE 11 (MMACS11---_2), COMPUTER SCIENCE 12 (MMACS12---_2)"
sim_234 (BLOCK 0) (ROOM 205A) (15 STUDENTS) (1 SECTIONS),0 groups:,SOCIAL STUDIES 9 (MSS--09---_4)
sim_123 (BLOCK 0) (ROOM 205B) (17 STUDENTS) (1 SECTIONS),0 groups:,EFP WRITING 10 (MEFWR10---_2)
sim_1 (BLOCK 0) (ROOM 206) (30 STUDENTS) (2 SECTIONS),1 groups: sim_163,"ACCOUNTING 11 (MAC--11---_1), ACCOUNTING 12 (MACC-12---_1)"
sim_163 (BLOCK 0) (ROOM 206) (17 STUDENTS) (1 SECTIONS),1 groups: sim_1,ADST – FOOD STUDIES 10 (MFOOD10---_1)
sim_60 (BLOCK 0) (ROOM 207A) (30 STUDENTS) (3 SECTIONS),0 groups:,"SPANISH 10 (MSP--10---_1), SPANISH 11 (MSP--11---_1), SPANISH 12 (MSP--12---_1)"
sim_23 (BLOCK 0) (ROOM 207B) (26 STUDENTS) (2 SECTIONS),0 groups:,"INTRODUCTORY SPANISH 11 (MBSP-11---_1), SPANISH 9 (MSP--09---_1)"
sim_124 (BLOCK 0) (ROOM 208) (17 STUDENTS) (1 SECTIONS),0 groups:,EFP WRITING 10 (MEFWR10---_3)
sim_146 (BLOCK 0) (ROOM 209) (21 STUDENTS) (1 SECTIONS),0 groups:,ENGLISH STUDIES 12 CHALLENGE (MENST12C--_2)
sim_356 (BLOCK 0) (ROOM 211) (23 STUDENTS) (1 SECTIONS),0 groups:,SCIENCE 10 (MSC--10---_2)
sim_41 (BLOCK 0) (ROOM 222) (30 STUDENTS) (2 SECTIONS),0 groups:,"FRENCH 11 (MFR--11---_2), FRENCH 12 (MFR--12---_2)"
sim_231 (BLOCK 0) (ROOM A-2) (15 STUDENTS) (1 SECTIONS),0 groups:,SOCIAL STUDIES 9 (MSS--09---_1)
sim_39 (BLOCK 0) (ROOM A-3) (30 STUDENTS) (2 SECTIONS),0 groups:,"FRENCH 9 (MFR--09---_3), FRENCH 10 (MFR--10---_3)"
sim_125 (BLOCK 0) (ROOM A-6) (24 STUDENTS) (1 SECTIONS),0 groups:,EFP WRITING 10 (MEFWR10---_4)
sim_126 (BLOCK 0) (ROOM A-7) (18 STUDENTS) (1 SECTIONS),0 groups:,EFP WRITING 10 (MEFWR10---_5)
sim_3 (BLOCK 0) (ROOM Gym) (30 STUDENTS) (2 SECTIONS),1 groups: sim_4,"ACTIVE LIVING 11 (MACLV11---_1), ACTIVE LIVING 12 (MACLV12---_1)"
sim_4 (BLOCK 0) (ROOM Gym) (30 STUDENTS) (2 SECTIONS),1 groups: sim_3,"ACTIVE LIVING 11 (MACLV11---_2), ACTIVE LIVING 12 (MACLV12---_2)"
sim_30 (BLOCK 0) (ROOM NO ROOM FOUND) (30 STUDENTS) (2 SECTIONS),"5 groups: sim_44, sim_109, sim_133, sim_235, sim_236","ECONOMICS 12 (MEC--12---_1), E-COMMERCE 12 (MECOM12---_1)"
sim_44 (BLOCK 0) (ROOM NO ROOM FOUND) (24 STUDENTS) (2 SECTIONS),"5 groups: sim_30, sim_109, sim_133, sim_235, sim_236","COMPUTER SCIENCE 11 (MMACS11---_3), COMPUTER SCIENCE 12 (MMACS12---_3)"
sim_109 (BLOCK 0) (ROOM NO ROOM FOUND) (16 STUDENTS) (1 SECTIONS),"5 groups: sim_30, sim_44, sim_133, sim_235, sim_236",COMPOSITION 10 (MCMPS10---_3)
sim_133 (BLOCK 0) (ROOM NO ROOM FOUND) (30 STUDENTS) (1 SECTIONS),"5 groups: sim_30, sim_44, sim_109, sim_235, sim_236",ENGLISH LANGUAGE ARTS 9 CHALLENGE (MEN--09C--_1)
sim_235 (BLOCK 0) (ROOM NO ROOM FOUND) (19 STUDENTS) (1 SECTIONS),"5 groups: sim_30, sim_44, sim_109, sim_133, sim_236",SOCIAL STUDIES 9 (MSS--09---_5)
sim_236 (BLOCK 0) (ROOM NO ROOM FOUND) (21 STUDENTS) (1 SECTIONS),"5 groups: sim_30, sim_44, sim_109, sim_133, sim_235",SOCIAL STUDIES 9 (MSS--09---_6)
sim_22 (BLOCK 1) (ROOM 101) (22 STUDENTS) (4 SECTIONS),0 groups:,"ADST - Woodwork 9 (MADW-09---_2), ADST – WOODWORK 10 (MWWK-10---_2), WOODWORK 11 (MWWK-11---_2), WOODWORK 12 (MWWK-12---_2)"
sim_63 (BLOCK 1) (ROOM 102) (24 STUDENTS) (3 SECTIONS),0 groups:,"AUTOMOTIVE TECHNOLOGY 11 (MTAUT11---_1), AUTOMOTIVE TECHNOLOGY 12 (MTAUT12---_1), ENGINE AND DRIVETRAIN 12 (MTEAD12---_1)"
sim_211 (BLOCK 1) (ROOM 106) (23 STUDENTS) (1 SECTIONS),0 groups:,PRE-CALCULUS 11 HONOURS (MPREC11H--_1)
sim_152 (BLOCK 1) (ROOM 107) (24 STUDENTS) (1 SECTIONS),0 groups:,ENVIRONMENTAL SCIENCE 11 (MEVSC11---_3)
sim_279 (BLOCK 1) (ROOM 108) (0 STUDENTS) (1 SECTIONS),"7 groups: sim_292, sim_295, sim_304, sim_311, sim_313, sim_362, sim_363",LEARNING STRATEGIES 10 (YED--0AX--_2)
sim_292 (BLOCK 1) (ROOM 108) (0 STUDENTS) (1 SECTIONS),"7 groups: sim_279, sim_295, sim_304, sim_311, sim_313, sim_362, sim_363",LEARNING STRATEGIES 10 (YED--0AX--_15)
sim_295 (BLOCK 1) (ROOM 108) (0 STUDENTS) (1 SECTIONS),"7 groups: sim_279, sim_292, sim_304, sim_311, sim_313, sim_362, sim_363",LEARNING STRATEGIES 10 LINEAR (YED--0AX-L_1)
sim_304 (BLOCK 1) (ROOM 108) (0 STUDENTS) (1 SECTIONS),"7 groups: sim_279, sim_292, sim_295, sim_311, sim_313, sim_362, sim_363",LEARNING STRATEGIES 11 (YED--1DX--_5)
sim_311 (BLOCK 1) (ROOM 108) (0 STUDENTS) (1 SECTIONS),"7 groups: sim_279, sim_292, sim_295, sim_304, sim_313, sim_362, sim_363",LEARNING STRATEGIES 11 (YED--1DX--_12)
sim_313 (BLOCK 1) (ROOM 108) (0 STUDENTS) (1 SECTIONS),"7 groups: sim_279, sim_292, sim_295, sim_304, sim_311, sim_362, sim_363",LEARNING STRATEGIES 11 (YED--1DX--_14)
sim_362 (BLOCK 1) (ROOM 108) (0 STUDENTS) (1 SECTIONS),"7 groups: sim_279, sim_292, sim_295, sim_304, sim_311, sim_313, sim_363",LEARNING STRATEGIES 9 LD LINEAR (XLDCB09LSL_1)
sim_363 (BLOCK 1) (ROOM 108) (3 STUDENTS) (1 SECTIONS),"7 groups: sim_279, sim_292, sim_295, sim_304, sim_311, sim_313, sim_362",LEARNING STRATEGIES 9 LD LINEAR (XLDCB09LSL_2)
sim_42 (BLOCK 1) (ROOM 119) (15 STUDENTS) (2 SECTIONS),0 groups:,"INSTRUMENTAL MUSIC 11: CONCERT BAND LINEAR (MIMCB11--L_1), INSTRUMENTAL MUSIC 12: CONCERT BAND LINEAR (MIMCB12--L_1)"
sim_73 (BLOCK 1) (ROOM 120) (30 STUDENTS) (3 SECTIONS),0 groups:,"CROSS TRAINING 10 (YHRA-0AX--_1), CROSS TRAINING 11 (YHRA-1AX--_1), CROSS TRAINING 12 (YHRA-2AX--_1)"
sim_249 (BLOCK 1) (ROOM 121) (15 STUDENTS) (1 SECTIONS),0 groups:,SOCIAL STUDIES 10 CHALLENGE (MSS--10C--_2)
sim_62 (BLOCK 1) (ROOM 123) (15 STUDENTS) (2 SECTIONS),0 groups:,"SPOKEN LANGUAGE 11 (MSPLG11---_1), ELL Academic Literacy 11 (YESFL1CX--_1)"
sim_33 (BLOCK 1) (ROOM 206) (30 STUDENTS) (2 SECTIONS),"2 groups: sim_34, sim_35","FOOD STUDIES 11 (MFOOD11---_1), FOOD STUDIES 12 (MFOOD12---_1)"
sim_34 (BLOCK 1) (ROOM 206) (29 STUDENTS) (2 SECTIONS),"2 groups: sim_33, sim_35","FOOD STUDIES 11 (MFOOD11---_2), FOOD STUDIES 12 (MFOOD12---_2)"
sim_35 (BLOCK 1) (ROOM 206) (30 STUDENTS) (2 SECTIONS),"2 groups: sim_33, sim_34","FOOD STUDIES 11 (MFOOD11---_3), FOOD STUDIES 12 (MFOOD12---_3)"
sim_167 (BLOCK 1) (ROOM 207B) (15 STUDENTS) (1 SECTIONS),0 groups:,CONTEMPORARY INDIGENOUS STUDIES 12 (MINST12---_1)
sim_94 (BLOCK 1) (ROOM 211) (13 STUDENTS) (1 SECTIONS),0 groups:,CHEMISTRY 12 (MCH--12---_1)
sim_76 (BLOCK 1) (ROOM 216) (3 STUDENTS) (1 SECTIONS),0 groups:,AP PHYSICS C (MECHANICS) 12 external credential (APHM-12---_1)
sim_96 (BLOCK 1) (ROOM 219) (23 STUDENTS) (1 SECTIONS),0 groups:,CHEMISTRY 12 (MCH--12---_3)
sim_77 (BLOCK 1) (ROOM 220) (15 STUDENTS) (1 SECTIONS),0 groups:,AP STATISTICS 12 (ASTA-12---_1)
sim_196 (BLOCK 1) (ROOM 223) (22 STUDENTS) (1 SECTIONS),0 groups:,PHYSICS 11 (MPH--11---_5)
sim_194 (BLOCK 1) (ROOM 225) (23 STUDENTS) (1 SECTIONS),0 groups:,PHYSICS 11 (MPH--11---_3)
sim_99 (BLOCK 1) (ROOM 226) (24 STUDENTS) (1 SECTIONS),0 groups:,CHEMISTRY 12 (MCH--12---_6)
sim_95 (BLOCK 1) (ROOM 227) (18 STUDENTS) (1 SECTIONS),0 groups:,CHEMISTRY 12 (MCH--12---_2)
sim_143 (BLOCK 1) (ROOM A-6) (23 STUDENTS) (1 SECTIONS),0 groups:,ENGLISH STUDIES 12 (MENST12---_4)
sim_5 (BLOCK 1) (ROOM Gym) (19 STUDENTS) (2 SECTIONS),"14 groups: sim_48, sim_49, sim_50, sim_51, sim_52, sim_53, sim_54, sim_55, sim_56, sim_57, sim_58, sim_202, sim_204, sim_348","ACTIVE LIVING 11 Girls (MACLV11G--_1), ACTIVE LIVING 12 Girls (MACLV12G--_1)"
sim_48 (BLOCK 1) (ROOM Gym) (25 STUDENTS) (2 SECTIONS),"14 groups: sim_5, sim_49, sim_50, sim_51, sim_52, sim_53, sim_54, sim_55, sim_56, sim_57, sim_58, sim_202, sim_204, sim_348","PHYSICAL AND HEALTH EDUCATION 9 (MPHE-09---_1), PHYSICAL AND HEALTH EDUCATION 10 (MPHED10---_1)"
sim_49 (BLOCK 1) (ROOM Gym) (27 STUDENTS) (2 SECTIONS),"14 groups: sim_5, sim_48, sim_50, sim_51, sim_52, sim_53, sim_54, sim_55, sim_56, sim_57, sim_58, sim_202, sim_204, sim_348","PHYSICAL AND HEALTH EDUCATION 9 (MPHE-09---_2), PHYSICAL AND HEALTH EDUCATION 10 (MPHED10---_2)"
sim_50 (BLOCK 1) (ROOM Gym) (30 STUDENTS) (2 SECTIONS),"14 groups: sim_5, sim_48, sim_49, sim_51, sim_52, sim_53, sim_54, sim_55, sim_56, sim_57, sim_58, sim_202, sim_204, sim_348","PHYSICAL AND HEALTH EDUCATION 9 (MPHE-09---_3), PHYSICAL AND HEALTH EDUCATION 10 (MPHED10---_3)"
sim_51 (BLOCK 1) (ROOM Gym) (20 STUDENTS) (2 SECTIONS),"14 groups: sim_5, sim_48, sim_49, sim_50, sim_52, sim_53, sim_54, sim_55, sim_56, sim_57, sim_58, sim_202, sim_204, sim_348","PHYSICAL AND HEALTH EDUCATION 9 Boys (MPHE-09B--_1), PHYSICAL AND HEALTH EDUCATION 10 Boys (MPHED10B--_1)"
sim_52 (BLOCK 1) (ROOM Gym) (21 STUDENTS) (2 SECTIONS),"14 groups: sim_5, sim_48, sim_49, sim_50, sim_51, sim_53, sim_54, sim_55, sim_56, sim_57, sim_58, sim_202, sim_204, sim_348","PHYSICAL AND HEALTH EDUCATION 9 Boys (MPHE-09B--_2), PHYSICAL AND HEALTH EDUCATION 10 Boys (MPHED10B--_2)"
sim_53 (BLOCK 1) (ROOM Gym) (29 STUDENTS) (2 SECTIONS),"14 groups: sim_5, sim_48, sim_49, sim_50, sim_51, sim_52, sim_54, sim_55, sim_56, sim_57, sim_58, sim_202, sim_204, sim_348","PHYSICAL AND HEALTH EDUCATION 9 Boys (MPHE-09B--_3), PHYSICAL AND HEALTH EDUCATION 10 Boys (MPHED10B--_3)"
sim_54 (BLOCK 1) (ROOM Gym) (23 STUDENTS) (2 SECTIONS),"14 groups: sim_5, sim_48, sim_49, sim_50, sim_51, sim_52, sim_53, sim_55, sim_56, sim_57, sim_58, sim_202, sim_204, sim_348","PHYSICAL AND HEALTH EDUCATION 9 Boys (MPHE-09B--_4), PHYSICAL AND HEALTH EDUCATION 10 Boys (MPHED10B--_4)"
sim_55 (BLOCK 1) (ROOM Gym) (30 STUDENTS) (2 SECTIONS),"14 groups: sim_5, sim_48, sim_49, sim_50, sim_51, sim_52, sim_53, sim_54, sim_56, sim_57, sim_58, sim_202, sim_204, sim_348","PHYSICAL AND HEALTH EDUCATION 9 Girls (MPHE-09G--_1), PHYSICAL AND HEALTH EDUCATION 10 Girls (MPHED10G--_1)"
sim_56 (BLOCK 1) (ROOM Gym) (26 STUDENTS) (2 SECTIONS),"14 groups: sim_5, sim_48, sim_49, sim_50, sim_51, sim_52, sim_53, sim_54, sim_55, sim_57, sim_58, sim_202, sim_204, sim_348","PHYSICAL AND HEALTH EDUCATION 9 Girls (MPHE-09G--_2), PHYSICAL AND HEALTH EDUCATION 10 Girls (MPHED10G--_2)"
sim_57 (BLOCK 1) (ROOM Gym) (30 STUDENTS) (2 SECTIONS),"14 groups: sim_5, sim_48, sim_49, sim_50, sim_51, sim_52, sim_53, sim_54, sim_55, sim_56, sim_58, sim_202, sim_204, sim_348","PHYSICAL AND HEALTH EDUCATION 9 Girls (MPHE-09G--_3), PHYSICAL AND HEALTH EDUCATION 10 Girls (MPHED10G--_3)"
sim_58 (BLOCK 1) (ROOM Gym) (30 STUDENTS) (2 SECTIONS),"14 groups: sim_5, sim_48, sim_49, sim_50, sim_51, sim_52, sim_53, sim_54, sim_55, sim_56, sim_57, sim_202, sim_204, sim_348","PHYSICAL AND HEALTH EDUCATION 9 Girls (MPHE-09G--_4), PHYSICAL AND HEALTH EDUCATION 10 Girls (MPHED10G--_4)"
sim_202 (BLOCK 1) (ROOM Gym) (19 STUDENTS) (1 SECTIONS),"14 groups: sim_5, sim_48, sim_49, sim_50, sim_51, sim_52, sim_53, sim_54, sim_55, sim_56, sim_57, sim_58, sim_204, sim_348",PHYSICAL AND HEALTH EDUCATION 9 Linear (MPHE-09--L_1)
sim_204 (BLOCK 1) (ROOM Gym) (30 STUDENTS) (1 SECTIONS),"14 groups: sim_5, sim_48, sim_49, sim_50, sim_51, sim_52, sim_53, sim_54, sim_55, sim_56, sim_57, sim_58, sim_202, sim_348",PHYSICAL AND HEALTH EDUCATION 10 LINEAR (MPHED10--L_1)
sim_348 (BLOCK 1) (ROOM Gym) (0 STUDENTS) (1 SECTIONS),"14 groups: sim_5, sim_48, sim_49, sim_50, sim_51, sim_52, sim_53, sim_54, sim_55, sim_56, sim_57, sim_58, sim_202, sim_204",ACTIVE LIVING 11 Football (MACLV11FB-_1)
sim_98 (BLOCK 1) (ROOM NO ROOM FOUND) (16 STUDENTS) (1 SECTIONS),"3 groups: sim_190, sim_195, sim_259",CHEMISTRY 12 (MCH--12---_5)
sim_190 (BLOCK 1) (ROOM NO ROOM FOUND) (30 STUDENTS) (1 SECTIONS),"3 groups: sim_98, sim_195, sim_259",INSTRUMENTAL MUSIC: CONCERT BAND 10 Linear (MMUCB10--L_1)
sim_195 (BLOCK 1) (ROOM NO ROOM FOUND) (17 STUDENTS) (1 SECTIONS),"3 groups: sim_98, sim_190, sim_259",PHYSICS 11 (MPH--11---_4)
sim_259 (BLOCK 1) (ROOM NO ROOM FOUND) (30 STUDENTS) (1 SECTIONS),"3 groups: sim_98, sim_190, sim_195",CONCERT BAND 9 Linear (XBA--09C-L_1)
sim_28 (BLOCK 1) (ROOM Studio) (17 STUDENTS) (2 SECTIONS),0 groups:,"DANCE TECHNIQUE AND PERFORMANCE 11 (MDNTP11---_1), DANCE TECHNIQUE AND PERFORMANCE 12 (MDNTP12---_1)"
sim_8 (BLOCK 2) (ROOM 105) (30 STUDENTS) (4 SECTIONS),0 groups:,"ADST - Drafting 9 (MADD-09---_3), ADST – DRAFTING 10 (MTDRF10---_3), DRAFTING 11 (MTDRF11---_3), DRAFTING 12 (MTDRF12---_3)"
sim_206 (BLOCK 2) (ROOM 106) (26 STUDENTS) (1 SECTIONS),0 groups:,PRE-CALCULUS 11 (MPREC11---_2)
sim_141 (BLOCK 2) (ROOM 107) (30 STUDENTS) (1 SECTIONS),0 groups:,ENGLISH STUDIES 12 (MENST12---_2)
sim_285 (BLOCK 2) (ROOM 108) (10 STUDENTS) (1 SECTIONS),"6 groups: sim_294, sim_296, sim_298, sim_301, sim_308, sim_319",LEARNING STRATEGIES 10 (YED--0AX--_8)
sim_294 (BLOCK 2) (ROOM 108) (0 STUDENTS) (1 SECTIONS),"6 groups: sim_285, sim_296, sim_298, sim_301, sim_308, sim_319",LEARNING STRATEGIES 10 (YED--0AX--_17)
sim_296 (BLOCK 2) (ROOM 108) (3 STUDENTS) (1 SECTIONS),"6 groups: sim_285, sim_294, sim_298, sim_301, sim_308, sim_319",LEARNING STRATEGIES 10 LINEAR (YED--0AX-L_2)
sim_298 (BLOCK 2) (ROOM 108) (0 STUDENTS) (1 SECTIONS),"6 groups: sim_285, sim_294, sim_296, sim_301, sim_308, sim_319",LEARNING STRATEGIES 10 LINEAR (YED--0AX-L_4)
sim_301 (BLOCK 2) (ROOM 108) (0 STUDENTS) (1 SECTIONS),"6 groups: sim_285, sim_294, sim_296, sim_298, sim_308, sim_319",LEARNING STRATEGIES 11 (YED--1DX--_2)
sim_308 (BLOCK 2) (ROOM 108) (0 STUDENTS) (1 SECTIONS),"6 groups: sim_285, sim_294, sim_296, sim_298, sim_301, sim_319",LEARNING STRATEGIES 11 (YED--1DX--_9)
sim_319 (BLOCK 2) (ROOM 108) (0 STUDENTS) (1 SECTIONS),"6 groups: sim_285, sim_294, sim_296, sim_298, sim_301, sim_308",LEARNING STRATEGIES 11 LINEAR (YED--1DX-L_2)
sim_297 (BLOCK 2) (ROOM 109) (0 STUDENTS) (1 SECTIONS),"2 groups: sim_299, sim_312",LEARNING STRATEGIES 10 LINEAR (YED--0AX-L_3)
sim_299 (BLOCK 2) (ROOM 109) (0 STUDENTS) (1 SECTIONS),"2 groups: sim_297, sim_312",LEARNING STRATEGIES 10 LINEAR (YED--0AX-L_5)
sim_312 (BLOCK 2) (ROOM 109) (0 STUDENTS) (1 SECTIONS),"2 groups: sim_297, sim_299",LEARNING STRATEGIES 11 (YED--1DX--_13)
sim_69 (BLOCK 2) (ROOM 113) (30 STUDENTS) (3 SECTIONS),0 groups:,"VISUAL ARTS: PHOTOGRAPHY 10 (MVAPH10---_2), PHOTOGRAPHY 11 (MVAPH11---_2), PHOTOGRAPHY 12 (MVAPH12---_2)"
sim_46 (BLOCK 2) (ROOM 114) (24 STUDENTS) (3 SECTIONS),0 groups:,"ADST – MEDIA DESIGN 10 (MMEDD10---_2), MEDIA DESIGN 11 (MMEDD11---_2), MEDIA DESIGN 12 (MMEDD12---_2)"
sim_147 (BLOCK 2) (ROOM 121) (29 STUDENTS) (1 SECTIONS),0 groups:,EXPLORATIONS IN SOCIAL STUDIES 11 (MEPSS11---_1)
sim_138 (BLOCK 2) (ROOM 122) (30 STUDENTS) (1 SECTIONS),0 groups:,ENGLISH FIRST PEOPLES 12 (MENFP12---_3)
sim_113 (BLOCK 2) (ROOM 123) (15 STUDENTS) (1 SECTIONS),0 groups:,COMPOSITION 11 (MCMPS11---_2)
sim_150 (BLOCK 2) (ROOM 205A) (14 STUDENTS) (1 SECTIONS),0 groups:,ENVIRONMENTAL SCIENCE 11 (MEVSC11---_1)
sim_239 (BLOCK 2) (ROOM 205B) (0 STUDENTS) (1 SECTIONS),0 groups:,SOCIAL STUDIES 9 CHALLENGE (MSS--09C--_2)
sim_209 (BLOCK 2) (ROOM 207A) (27 STUDENTS) (1 SECTIONS),0 groups:,PRE-CALCULUS 11 (MPREC11---_5)
sim_248 (BLOCK 2) (ROOM 207B) (16 STUDENTS) (1 SECTIONS),0 groups:,SOCIAL STUDIES 10 CHALLENGE (MSS--10C--_1)
sim_183 (BLOCK 2) (ROOM 208) (30 STUDENTS) (1 SECTIONS),0 groups:,MATHEMATICS 9 (MMA--09---_1)
sim_112 (BLOCK 2) (ROOM 209) (15 STUDENTS) (1 SECTIONS),0 groups:,COMPOSITION 11 (MCMPS11---_1)
sim_159 (BLOCK 2) (ROOM 210) (17 STUDENTS) (1 SECTIONS),0 groups:,FOUNDATIONS OF MATH AND PRE-CALCULUS 10 CHALLENGE (MFMP-10C--_2)
sim_226 (BLOCK 2) (ROOM 211) (19 STUDENTS) (1 SECTIONS),0 groups:,SCIENCE 9: CHALLENGE (MSC--09C--_2)
sim_184 (BLOCK 2) (ROOM 212) (30 STUDENTS) (1 SECTIONS),0 groups:,MATHEMATICS 9 (MMA--09---_2)
sim_207 (BLOCK 2) (ROOM 214) (26 STUDENTS) (1 SECTIONS),0 groups:,PRE-CALCULUS 11 (MPREC11---_3)
sim_225 (BLOCK 2) (ROOM 216) (12 STUDENTS) (1 SECTIONS),0 groups:,SCIENCE 9: CHALLENGE (MSC--09C--_1)
sim_193 (BLOCK 2) (ROOM 219) (24 STUDENTS) (1 SECTIONS),0 groups:,PHYSICS 11 (MPH--11---_2)
sim_257 (BLOCK 2) (ROOM 220) (19 STUDENTS) (1 SECTIONS),0 groups:,WORKPLACE MATHEMATICS 11 (MWPM-11---_1)
sim_160 (BLOCK 2) (ROOM 221) (30 STUDENTS) (1 SECTIONS),0 groups:,FOUNDATIONS OF MATH AND PRE-CALCULUS 10 HONOURS (MFMP-10H--_1)
sim_205 (BLOCK 2) (ROOM 222) (15 STUDENTS) (1 SECTIONS),0 groups:,PRE-CALCULUS 11 (MPREC11---_1)
sim_201 (BLOCK 2) (ROOM 223) (24 STUDENTS) (1 SECTIONS),0 groups:,PHYSICS 12 (MPH--12---_4)
sim_173 (BLOCK 2) (ROOM 225) (20 STUDENTS) (1 SECTIONS),0 groups:,LIFE SCIENCES 11 (MLFSC11---_3)
sim_80 (BLOCK 2) (ROOM 226) (17 STUDENTS) (1 SECTIONS),0 groups:,ANATOMY AND PHYSIOLOGY 12 (MATPH12---_1)
sim_83 (BLOCK 2) (ROOM 227) (24 STUDENTS) (1 SECTIONS),0 groups:,ANATOMY AND PHYSIOLOGY 12 (MATPH12---_4)
sim_137 (BLOCK 2) (ROOM A-2) (17 STUDENTS) (1 SECTIONS),0 groups:,ENGLISH FIRST PEOPLES 12 (MENFP12---_2)
sim_181 (BLOCK 2) (ROOM A-3) (22 STUDENTS) (1 SECTIONS),0 groups:,LITERARY STUDIES 11 Challenge (MLTST11C--_2)
sim_135 (BLOCK 2) (ROOM A-6) (12 STUDENTS) (1 SECTIONS),0 groups:,ENGLISH 9 FOR ELL (MEN--09E--_1)
sim_182 (BLOCK 2) (ROOM A-7) (25 STUDENTS) (1 SECTIONS),0 groups:,LITERARY STUDIES 12 (MLTST12---_1)
sim_59 (BLOCK 2) (ROOM Gym) (30 STUDENTS) (4 SECTIONS),0 groups:,"PHYSICAL AND HEALTH EDUCATION 9 Yoga for Mindfulns (MPHE-09Y--_1), YOGA FOR MINDFULNESS 10 (YPA--0CX--_1), YOGA FOR MINDFULNESS 11 (YPA--1CX--_1), YOGA FOR MINDFULNESS 12 (YPA--2CX--_1)"
sim_81 (BLOCK 2) (ROOM NO ROOM FOUND) (18 STUDENTS) (1 SECTIONS),"6 groups: sim_117, sim_134, sim_158, sim_199, sim_227, sim_232",ANATOMY AND PHYSIOLOGY 12 (MATPH12---_2)
sim_117 (BLOCK 2) (ROOM NO ROOM FOUND) (25 STUDENTS) (1 SECTIONS),"6 groups: sim_81, sim_134, sim_158, sim_199, sim_227, sim_232",COMPOSITION 11 (MCMPS11---_6)
sim_134 (BLOCK 2) (ROOM NO ROOM FOUND) (15 STUDENTS) (1 SECTIONS),"6 groups: sim_81, sim_117, sim_158, sim_199, sim_227, sim_232",ENGLISH LANGUAGE ARTS 9 CHALLENGE (MEN--09C--_2)
sim_158 (BLOCK 2) (ROOM NO ROOM FOUND) (0 STUDENTS) (1 SECTIONS),"6 groups: sim_81, sim_117, sim_134, sim_199, sim_227, sim_232",FOUNDATIONS OF MATH AND PRE-CALCULUS 10 CHALLENGE (MFMP-10C--_1)
sim_199 (BLOCK 2) (ROOM NO ROOM FOUND) (17 STUDENTS) (1 SECTIONS),"6 groups: sim_81, sim_117, sim_134, sim_158, sim_227, sim_232",PHYSICS 12 (MPH--12---_2)
sim_227 (BLOCK 2) (ROOM NO ROOM FOUND) (12 STUDENTS) (1 SECTIONS),"6 groups: sim_81, sim_117, sim_134, sim_158, sim_199, sim_232",SCIENCE 10: CHALLENGE (MSC--10C--_1)
sim_232 (BLOCK 2) (ROOM NO ROOM FOUND) (30 STUDENTS) (1 SECTIONS),"6 groups: sim_81, sim_117, sim_134, sim_158, sim_199, sim_227",SOCIAL STUDIES 9 (MSS--09---_2)
sim_21 (BLOCK 3) (ROOM 101) (24 STUDENTS) (4 SECTIONS),0 groups:,"ADST - Woodwork 9 (MADW-09---_1), ADST – WOODWORK 10 (MWWK-10---_1), WOODWORK 11 (MWWK-11---_1), WOODWORK 12 (MWWK-12---_1)"
sim_67 (BLOCK 3) (ROOM 103) (30 STUDENTS) (2 SECTIONS),0 groups:,"ADST – POWER TECHNOLOGY 10 (MTPOW10---_2), TECH ED 9: MECHANICS LD (XLDCB09M--_2)"
sim_217 (BLOCK 3) (ROOM 106) (29 STUDENTS) (1 SECTIONS),0 groups:,PRE-CALCULUS 12 (MPREC12---_6)
sim_129 (BLOCK 3) (ROOM 107) (30 STUDENTS) (1 SECTIONS),0 groups:,ENGLISH LANGUAGE ARTS 9 (MEN--09---_3)
sim_268 (BLOCK 3) (ROOM 108) (0 STUDENTS) (1 SECTIONS),"15 groups: sim_273, sim_276, sim_281, sim_282, sim_283, sim_287, sim_300, sim_303, sim_305, sim_306, sim_310, sim_315, sim_320, sim_339, sim_365",LEARNING STRATEGIES 9 LD (XLDCB09LS-_8)
sim_273 (BLOCK 3) (ROOM 108) (0 STUDENTS) (1 SECTIONS),"15 groups: sim_268, sim_276, sim_281, sim_282, sim_283, sim_287, sim_300, sim_303, sim_305, sim_306, sim_310, sim_315, sim_320, sim_339, sim_365",LEARNING STRATEGIES 9 LD (XLDCB09LS-_13)
sim_276 (BLOCK 3) (ROOM 108) (0 STUDENTS) (1 SECTIONS),"15 groups: sim_268, sim_273, sim_281, sim_282, sim_283, sim_287, sim_300, sim_303, sim_305, sim_306, sim_310, sim_315, sim_320, sim_339, sim_365",LEARNING STRATEGIES 9 LD (XLDCB09LS-_16)
sim_281 (BLOCK 3) (ROOM 108) (0 STUDENTS) (1 SECTIONS),"15 groups: sim_268, sim_273, sim_276, sim_282, sim_283, sim_287, sim_300, sim_303, sim_305, sim_306, sim_310, sim_315, sim_320, sim_339, sim_365",LEARNING STRATEGIES 10 (YED--0AX--_4)
sim_282 (BLOCK 3) (ROOM 108) (0 STUDENTS) (1 SECTIONS),"15 groups: sim_268, sim_273, sim_276, sim_281, sim_283, sim_287, sim_300, sim_303, sim_305, sim_306, sim_310, sim_315, sim_320, sim_339, sim_365",LEARNING STRATEGIES 10 (YED--0AX--_5)
sim_283 (BLOCK 3) (ROOM 108) (0 STUDENTS) (1 SECTIONS),"15 groups: sim_268, sim_273, sim_276, sim_281, sim_282, sim_287, sim_300, sim_303, sim_305, sim_306, sim_310, sim_315, sim_320, sim_339, sim_365",LEARNING STRATEGIES 10 (YED--0AX--_6)
sim_287 (BLOCK 3) (ROOM 108) (0 STUDENTS) (1 SECTIONS),"15 groups: sim_268, sim_273, sim_276, sim_281, sim_282, sim_283, sim_300, sim_303, sim_305, sim_306, sim_310, sim_315, sim_320, sim_339, sim_365",LEARNING STRATEGIES 10 (YED--0AX--_10)
sim_300 (BLOCK 3) (ROOM 108) (0 STUDENTS) (1 SECTIONS),"15 groups: sim_268, sim_273, sim_276, sim_281, sim_282, sim_283, sim_287, sim_303, sim_305, sim_306, sim_310, sim_315, sim_320, sim_339, sim_365",LEARNING STRATEGIES 11 (YED--1DX--_1)
sim_303 (BLOCK 3) (ROOM 108) (0 STUDENTS) (1 SECTIONS),"15 groups: sim_268, sim_273, sim_276, sim_281, sim_282, sim_283, sim_287, sim_300, sim_305, sim_306, sim_310, sim_315, sim_320, sim_339, sim_365",LEARNING STRATEGIES 11 (YED--1DX--_4)
sim_305 (BLOCK 3) (ROOM 108) (4 STUDENTS) (1 SECTIONS),"15 groups: sim_268, sim_273, sim_276, sim_281, sim_282, sim_283, sim_287, sim_300, sim_303, sim_306, sim_310, sim_315, sim_320, sim_339, sim_365",LEARNING STRATEGIES 11 (YED--1DX--_6)
sim_306 (BLOCK 3) (ROOM 108) (0 STUDENTS) (1 SECTIONS),"15 groups: sim_268, sim_273, sim_276, sim_281, sim_282, sim_283, sim_287, sim_300, sim_303, sim_305, sim_310, sim_315, sim_320, sim_339, sim_365",LEARNING STRATEGIES 11 (YED--1DX--_7)
sim_310 (BLOCK 3) (ROOM 108) (0 STUDENTS) (1 SECTIONS),"15 groups: sim_268, sim_273, sim_276, sim_281, sim_282, sim_283, sim_287, sim_300, sim_303, sim_305, sim_306, sim_315, sim_320, sim_339, sim_365",LEARNING STRATEGIES 11 (YED--1DX--_11)
sim_315 (BLOCK 3) (ROOM 108) (0 STUDENTS) (1 SECTIONS),"15 groups: sim_268, sim_273, sim_276, sim_281, sim_282, sim_283, sim_287, sim_300, sim_303, sim_305, sim_306, sim_310, sim_320, sim_339, sim_365",LEARNING STRATEGIES 11 (YED--1DX--_16)
sim_320 (BLOCK 3) (ROOM 108) (1 STUDENTS) (1 SECTIONS),"15 groups: sim_268, sim_273, sim_276, sim_281, sim_282, sim_283, sim_287, sim_300, sim_303, sim_305, sim_306, sim_310, sim_315, sim_339, sim_365",LEARNING STRATEGIES 11 LINEAR (YED--1DX-L_3)
sim_339 (BLOCK 3) (ROOM 108) (0 STUDENTS) (1 SECTIONS),"15 groups: sim_268, sim_273, sim_276, sim_281, sim_282, sim_283, sim_287, sim_300, sim_303, sim_305, sim_306, sim_310, sim_315, sim_320, sim_365",LEARNING STRATEGIES 12 LINEAR (YED--2CX-L_1)
sim_365 (BLOCK 3) (ROOM 108) (0 STUDENTS) (1 SECTIONS),"15 groups: sim_268, sim_273, sim_276, sim_281, sim_282, sim_283, sim_287, sim_300, sim_303, sim_305, sim_306, sim_310, sim_315, sim_320, sim_339",LEARNING STRATEGIES 9 LD LINEAR (XLDCB09LSL_4)
sim_267 (BLOCK 3) (ROOM 109) (6 STUDENTS) (1 SECTIONS),"2 groups: sim_314, sim_321",LEARNING STRATEGIES 9 LD (XLDCB09LS-_7)
sim_314 (BLOCK 3) (ROOM 109) (0 STUDENTS) (1 SECTIONS),"2 groups: sim_267, sim_321",LEARNING STRATEGIES 11 (YED--1DX--_15)
sim_321 (BLOCK 3) (ROOM 109) (0 STUDENTS) (1 SECTIONS),"2 groups: sim_267, sim_314",LEARNING STRATEGIES 11 LINEAR (YED--1DX-L_4)
sim_351 (BLOCK 3) (ROOM 119) (10 STUDENTS) (1 SECTIONS),0 groups:,INSTRUMENTAL MUSIC 11: GUITAR (MIMG-11---_1)
sim_169 (BLOCK 3) (ROOM 121) (15 STUDENTS) (1 SECTIONS),0 groups:,CONTEMPORARY INDIGENOUS STUDIES 12 CHALLENGE (MINST12C--_1)
sim_366 (BLOCK 3) (ROOM 122) (11 STUDENTS) (1 SECTIONS),0 groups:,BEGINNERS ELL 10 (YESFL0AX--_1)
sim_153 (BLOCK 3) (ROOM 123) (24 STUDENTS) (1 SECTIONS),0 groups:,ENVIRONMENTAL SCIENCE 12 - CLIMATE CHANGE (MEVSC12C--_1)
sim_105 (BLOCK 3) (ROOM 201) (12 STUDENTS) (1 SECTIONS),0 groups:,CAREER LIFE EDUCATION 10 Linear (MCLE-10--L_1)
sim_110 (BLOCK 3) (ROOM 205A) (15 STUDENTS) (1 SECTIONS),0 groups:,COMPOSITION 10 Challenge (MCMPS10C--_1)
sim_170 (BLOCK 3) (ROOM 205B) (25 STUDENTS) (1 SECTIONS),0 groups:,CONTEMPORARY INDIGENOUS STUDIES 12 CHALLENGE (MINST12C--_2)
sim_130 (BLOCK 3) (ROOM 207A) (30 STUDENTS) (1 SECTIONS),0 groups:,ENGLISH LANGUAGE ARTS 9 (MEN--09---_4)
sim_139 (BLOCK 3) (ROOM 207B) (9 STUDENTS) (1 SECTIONS),0 groups:,ENGLISH FIRST PEOPLES 12 Year (MENFP12--Y_1)
sim_215 (BLOCK 3) (ROOM 209) (23 STUDENTS) (1 SECTIONS),0 groups:,PRE-CALCULUS 12 (MPREC12---_4)
sim_213 (BLOCK 3) (ROOM 210) (20 STUDENTS) (1 SECTIONS),0 groups:,PRE-CALCULUS 12 (MPREC12---_2)
sim_228 (BLOCK 3) (ROOM 211) (12 STUDENTS) (1 SECTIONS),0 groups:,SCIENCE 10: CHALLENGE (MSC--10C--_2)
sim_212 (BLOCK 3) (ROOM 212) (24 STUDENTS) (1 SECTIONS),0 groups:,PRE-CALCULUS 12 (MPREC12---_1)
sim_214 (BLOCK 3) (ROOM 214) (22 STUDENTS) (1 SECTIONS),0 groups:,PRE-CALCULUS 12 (MPREC12---_3)
sim_89 (BLOCK 3) (ROOM 219) (13 STUDENTS) (1 SECTIONS),0 groups:,CHEMISTRY 11 (MCH--11---_2)
sim_155 (BLOCK 3) (ROOM 220) (30 STUDENTS) (1 SECTIONS),0 groups:,FOUNDATIONS OF MATH AND PRE-CALCULUS 10 (MFMP-10---_2)
sim_218 (BLOCK 3) (ROOM 221) (25 STUDENTS) (1 SECTIONS),0 groups:,PRE-CALCULUS 12 HONOURS (MPREC12H--_1)
sim_111 (BLOCK 3) (ROOM 222) (18 STUDENTS) (1 SECTIONS),0 groups:,COMPOSITION 10 Challenge (MCMPS10C--_2)
sim_90 (BLOCK 3) (ROOM 223) (18 STUDENTS) (1 SECTIONS),0 groups:,CHEMISTRY 11 (MCH--11---_3)
sim_88 (BLOCK 3) (ROOM 225) (19 STUDENTS) (1 SECTIONS),0 groups:,CHEMISTRY 11 (MCH--11---_1)
sim_91 (BLOCK 3) (ROOM 226) (20 STUDENTS) (1 SECTIONS),0 groups:,CHEMISTRY 11 (MCH--11---_4)
sim_92 (BLOCK 3) (ROOM 227) (22 STUDENTS) (1 SECTIONS),0 groups:,CHEMISTRY 11 (MCH--11---_5)
sim_29 (BLOCK 3) (ROOM A-1) (30 STUDENTS) (4 SECTIONS),0 groups:,"DRAMA 9 (MDR--09---_1), DRAMA 10 (MDRM-10---_1), DRAMA 11 (MDRM-11---_1), DRAMA 12 (MDRM-12---_1)"
sim_238 (BLOCK 3) (ROOM A-3) (30 STUDENTS) (1 SECTIONS),0 groups:,SOCIAL STUDIES 9 CHALLENGE (MSS--09C--_1)
sim_75 (BLOCK 3) (ROOM A-6) (15 STUDENTS) (1 SECTIONS),0 groups:,AP ENGLISH LITERATURE & COMPOSITION 12 (AELC-12---_1)
sim_203 (BLOCK 3) (ROOM Gym) (15 STUDENTS) (1 SECTIONS),0 groups:,PHYSICAL AND HEALTH EDUCATION 9 Linear (MPHE-09--L_2)
sim_66 (BLOCK 3) (ROOM NO ROOM FOUND) (30 STUDENTS) (2 SECTIONS),0 groups:,"ADST – POWER TECHNOLOGY 10 (MTPOW10---_1), TECH ED 9: MECHANICS LD (XLDCB09M--_1)"
sim_12 (BLOCK 4) (ROOM 104) (30 STUDENTS) (4 SECTIONS),0 groups:,"ADST 9 - General Explorations (Modules) (MADGE09---_1), ENGINEERING 11 (MENR-11---_1), ENGINEERING 12 (MENR-12---_1), ADST-Technology Explorations 10 (MTEXP10---_1)"
sim_14 (BLOCK 4) (ROOM 105) (30 STUDENTS) (4 SECTIONS),0 groups:,"ADST 9 - General Explorations (Modules) (MADGE09---_3), ENGINEERING 11 (MENR-11---_3), ENGINEERING 12 (MENR-12---_3), ADST-Technology Explorations 10 (MTEXP10---_3)"
sim_156 (BLOCK 4) (ROOM 106) (30 STUDENTS) (1 SECTIONS),0 groups:,FOUNDATIONS OF MATH AND PRE-CALCULUS 10 (MFMP-10---_3)
sim_114 (BLOCK 4) (ROOM 107) (30 STUDENTS) (1 SECTIONS),0 groups:,COMPOSITION 11 (MCMPS11---_3)
sim_250 (BLOCK 4) (ROOM 114) (24 STUDENTS) (1 SECTIONS),0 groups:,Information and Communications Technologies 10 (MWBDV10IT-_1)
sim_149 (BLOCK 4) (ROOM 121) (28 STUDENTS) (1 SECTIONS),0 groups:,EXPLORATIONS IN SOCIAL STUDIES 11 (MEPSS11---_3)
sim_142 (BLOCK 4) (ROOM 122) (25 STUDENTS) (1 SECTIONS),0 groups:,ENGLISH STUDIES 12 (MENST12---_3)
sim_0 (BLOCK 4) (ROOM 203) (24 STUDENTS) (3 SECTIONS),0 groups:,"AP COMPUTER SCIENCE A 12 (ACSC-2A---_1), COMPUTER SCIENCE 11 (MMACS11---_1), COMPUTER SCIENCE 12 (MMACS12---_1)"
sim_115 (BLOCK 4) (ROOM 205B) (30 STUDENTS) (1 SECTIONS),0 groups:,COMPOSITION 11 (MCMPS11---_4)
sim_36 (BLOCK 4) (ROOM 206) (30 STUDENTS) (2 SECTIONS),1 groups: sim_165,"FOOD STUDIES 11 (MFOOD11---_4), FOOD STUDIES 12 (MFOOD12---_4)"
sim_165 (BLOCK 4) (ROOM 206) (30 STUDENTS) (1 SECTIONS),1 groups: sim_36,ADST – FOOD STUDIES 10 (MFOOD10---_3)
sim_119 (BLOCK 4) (ROOM 207B) (30 STUDENTS) (1 SECTIONS),0 groups:,COMPOSITION 11 (MCMPS11---_8)
sim_106 (BLOCK 4) (ROOM 209) (30 STUDENTS) (1 SECTIONS),0 groups:,COMPARATIVE CULTURES 12 (MCMCL12---_1)
sim_216 (BLOCK 4) (ROOM 210) (28 STUDENTS) (1 SECTIONS),0 groups:,PRE-CALCULUS 12 (MPREC12---_5)
sim_157 (BLOCK 4) (ROOM 212) (30 STUDENTS) (1 SECTIONS),0 groups:,FOUNDATIONS OF MATH AND PRE-CALCULUS 10 (MFMP-10---_4)
sim_87 (BLOCK 4) (ROOM 214) (30 STUDENTS) (1 SECTIONS),0 groups:,CALCULUS 12 (MCALC12---_3)
sim_154 (BLOCK 4) (ROOM 221) (26 STUDENTS) (1 SECTIONS),0 groups:,FOUNDATIONS OF MATH AND PRE-CALCULUS 10 (MFMP-10---_1)
sim_120 (BLOCK 4) (ROOM 222) (30 STUDENTS) (1 SECTIONS),0 groups:,COMPOSITION 11 (MCMPS11---_9)
sim_200 (BLOCK 4) (ROOM 226) (24 STUDENTS) (1 SECTIONS),0 groups:,PHYSICS 12 (MPH--12---_3)
sim_168 (BLOCK 4) (ROOM A-2) (24 STUDENTS) (1 SECTIONS),0 groups:,CONTEMPORARY INDIGENOUS STUDIES 12 (MINST12---_2)
sim_140 (BLOCK 4) (ROOM A-3) (16 STUDENTS) (1 SECTIONS),0 groups:,ENGLISH STUDIES 12 (MENST12---_1)
sim_144 (BLOCK 4) (ROOM A-6) (29 STUDENTS) (1 SECTIONS),0 groups:,ENGLISH STUDIES 12 (MENST12---_5)
sim_18 (BLOCK 4) (ROOM A-7) (30 STUDENTS) (4 SECTIONS),0 groups:,"ADST - Textiles 9 (MADT-09---_2), TEXTILES 10 (MTXT-10---_2), TEXTILES 11 (MTXT-11---_2), TEXTILES 12 (MTXT-12---_2)"
sim_17 (BLOCK 4) (ROOM NO ROOM FOUND) (30 STUDENTS) (4 SECTIONS),"5 groups: sim_19, sim_20, sim_251, sim_252, sim_253","ADST - Textiles 9 (MADT-09---_1), TEXTILES 10 (MTXT-10---_1), TEXTILES 11 (MTXT-11---_1), TEXTILES 12 (MTXT-12---_1)"
sim_19 (BLOCK 4) (ROOM NO ROOM FOUND) (30 STUDENTS) (4 SECTIONS),"5 groups: sim_17, sim_20, sim_251, sim_252, sim_253","ADST - Textiles 9 (MADT-09---_3), TEXTILES 10 (MTXT-10---_3), TEXTILES 11 (MTXT-11---_3), TEXTILES 12 (MTXT-12---_3)"
sim_20 (BLOCK 4) (ROOM NO ROOM FOUND) (30 STUDENTS) (4 SECTIONS),"5 groups: sim_17, sim_19, sim_251, sim_252, sim_253","ADST - Textiles 9 (MADT-09---_4), TEXTILES 10 (MTXT-10---_4), TEXTILES 11 (MTXT-11---_4), TEXTILES 12 (MTXT-12---_4)"
sim_251 (BLOCK 4) (ROOM NO ROOM FOUND) (24 STUDENTS) (1 SECTIONS),"5 groups: sim_17, sim_19, sim_20, sim_252, sim_253",Information and Communications Technologies 10 (MWBDV10IT-_2)
sim_252 (BLOCK 4) (ROOM NO ROOM FOUND) (24 STUDENTS) (1 SECTIONS),"5 groups: sim_17, sim_19, sim_20, sim_251, sim_253",Information and Communications Technologies 10 (MWBDV10IT-_3)
sim_253 (BLOCK 4) (ROOM NO ROOM FOUND) (24 STUDENTS) (1 SECTIONS),"5 groups: sim_17, sim_19, sim_20, sim_251, sim_252",Information and Communications Technologies 10 (MWBDV10IT-_4)
sim_9 (BLOCK 5) (ROOM 105) (30 STUDENTS) (4 SECTIONS),0 groups:,"ADST - Drafting 9 (MADD-09---_4), ADST – DRAFTING 10 (MTDRF10---_4), DRAFTING 11 (MTDRF11---_4), DRAFTING 12 (MTDRF12---_4)"
sim_189 (BLOCK 5) (ROOM 106) (16 STUDENTS) (1 SECTIONS),0 groups:,MATHEMATICS 9 HONOURS (MMA--09H--_1)
sim_78 (BLOCK 5) (ROOM 107) (24 STUDENTS) (1 SECTIONS),0 groups:,ADST – ENTREPRENEURSHIP AND MARKETING 10 (MADEM10---_1)
sim_261 (BLOCK 5) (ROOM 108) (0 STUDENTS) (1 SECTIONS),"17 groups: sim_264, sim_265, sim_266, sim_274, sim_275, sim_277, sim_278, sim_280, sim_284, sim_286, sim_288, sim_290, sim_291, sim_293, sim_322, sim_333, sim_334",LEARNING STRATEGIES 9 LD (XLDCB09LS-_1)
sim_264 (BLOCK 5) (ROOM 108) (0 STUDENTS) (1 SECTIONS),"17 groups: sim_261, sim_265, sim_266, sim_274, sim_275, sim_277, sim_278, sim_280, sim_284, sim_286, sim_288, sim_290, sim_291, sim_293, sim_322, sim_333, sim_334",LEARNING STRATEGIES 9 LD (XLDCB09LS-_4)
sim_265 (BLOCK 5) (ROOM 108) (0 STUDENTS) (1 SECTIONS),"17 groups: sim_261, sim_264, sim_266, sim_274, sim_275, sim_277, sim_278, sim_280, sim_284, sim_286, sim_288, sim_290, sim_291, sim_293, sim_322, sim_333, sim_334",LEARNING STRATEGIES 9 LD (XLDCB09LS-_5)
sim_266 (BLOCK 5) (ROOM 108) (0 STUDENTS) (1 SECTIONS),"17 groups: sim_261, sim_264, sim_265, sim_274, sim_275, sim_277, sim_278, sim_280, sim_284, sim_286, sim_288, sim_290, sim_291, sim_293, sim_322, sim_333, sim_334",LEARNING STRATEGIES 9 LD (XLDCB09LS-_6)
sim_274 (BLOCK 5) (ROOM 108) (5 STUDENTS) (1 SECTIONS),"17 groups: sim_261, sim_264, sim_265, sim_266, sim_275, sim_277, sim_278, sim_280, sim_284, sim_286, sim_288, sim_290, sim_291, sim_293, sim_322, sim_333, sim_334",LEARNING STRATEGIES 9 LD (XLDCB09LS-_14)
sim_275 (BLOCK 5) (ROOM 108) (0 STUDENTS) (1 SECTIONS),"17 groups: sim_261, sim_264, sim_265, sim_266, sim_274, sim_277, sim_278, sim_280, sim_284, sim_286, sim_288, sim_290, sim_291, sim_293, sim_322, sim_333, sim_334",LEARNING STRATEGIES 9 LD (XLDCB09LS-_15)
sim_277 (BLOCK 5) (ROOM 108) (0 STUDENTS) (1 SECTIONS),"17 groups: sim_261, sim_264, sim_265, sim_266, sim_274, sim_275, sim_278, sim_280, sim_284, sim_286, sim_288, sim_290, sim_291, sim_293, sim_322, sim_333, sim_334",LEARNING STRATEGIES 9 LD (XLDCB09LS-_17)
sim_278 (BLOCK 5) (ROOM 108) (6 STUDENTS) (1 SECTIONS),"17 groups: sim_261, sim_264, sim_265, sim_266, sim_274, sim_275, sim_277, sim_280, sim_284, sim_286, sim_288, sim_290, sim_291, sim_293, sim_322, sim_333, sim_334",LEARNING STRATEGIES 10 (YED--0AX--_1)
sim_280 (BLOCK 5) (ROOM 108) (0 STUDENTS) (1 SECTIONS),"17 groups: sim_261, sim_264, sim_265, sim_266, sim_274, sim_275, sim_277, sim_278, sim_284, sim_286, sim_288, sim_290, sim_291, sim_293, sim_322, sim_333, sim_334",LEARNING STRATEGIES 10 (YED--0AX--_3)
sim_284 (BLOCK 5) (ROOM 108) (0 STUDENTS) (1 SECTIONS),"17 groups: sim_261, sim_264, sim_265, sim_266, sim_274, sim_275, sim_277, sim_278, sim_280, sim_286, sim_288, sim_290, sim_291, sim_293, sim_322, sim_333, sim_334",LEARNING STRATEGIES 10 (YED--0AX--_7)
sim_286 (BLOCK 5) (ROOM 108) (0 STUDENTS) (1 SECTIONS),"17 groups: sim_261, sim_264, sim_265, sim_266, sim_274, sim_275, sim_277, sim_278, sim_280, sim_284, sim_288, sim_290, sim_291, sim_293, sim_322, sim_333, sim_334",LEARNING STRATEGIES 10 (YED--0AX--_9)
sim_288 (BLOCK 5) (ROOM 108) (0 STUDENTS) (1 SECTIONS),"17 groups: sim_261, sim_264, sim_265, sim_266, sim_274, sim_275, sim_277, sim_278, sim_280, sim_284, sim_286, sim_290, sim_291, sim_293, sim_322, sim_333, sim_334",LEARNING STRATEGIES 10 (YED--0AX--_11)
sim_290 (BLOCK 5) (ROOM 108) (0 STUDENTS) (1 SECTIONS),"17 groups: sim_261, sim_264, sim_265, sim_266, sim_274, sim_275, sim_277, sim_278, sim_280, sim_284, sim_286, sim_288, sim_291, sim_293, sim_322, sim_333, sim_334",LEARNING STRATEGIES 10 (YED--0AX--_13)
sim_291 (BLOCK 5) (ROOM 108) (0 STUDENTS) (1 SECTIONS),"17 groups: sim_261, sim_264, sim_265, sim_266, sim_274, sim_275, sim_277, sim_278, sim_280, sim_284, sim_286, sim_288, sim_290, sim_293, sim_322, sim_333, sim_334",LEARNING STRATEGIES 10 (YED--0AX--_14)
sim_293 (BLOCK 5) (ROOM 108) (0 STUDENTS) (1 SECTIONS),"17 groups: sim_261, sim_264, sim_265, sim_266, sim_274, sim_275, sim_277, sim_278, sim_280, sim_284, sim_286, sim_288, sim_290, sim_291, sim_322, sim_333, sim_334",LEARNING STRATEGIES 10 (YED--0AX--_16)
sim_322 (BLOCK 5) (ROOM 108) (0 STUDENTS) (1 SECTIONS),"17 groups: sim_261, sim_264, sim_265, sim_266, sim_274, sim_275, sim_277, sim_278, sim_280, sim_284, sim_286, sim_288, sim_290, sim_291, sim_293, sim_333, sim_334",LEARNING STRATEGIES 12 (YED--2CX--_1)
sim_333 (BLOCK 5) (ROOM 108) (0 STUDENTS) (1 SECTIONS),"17 groups: sim_261, sim_264, sim_265, sim_266, sim_274, sim_275, sim_277, sim_278, sim_280, sim_284, sim_286, sim_288, sim_290, sim_291, sim_293, sim_322, sim_334",LEARNING STRATEGIES 12 (YED--2CX--_12)
sim_334 (BLOCK 5) (ROOM 108) (0 STUDENTS) (1 SECTIONS),"17 groups: sim_261, sim_264, sim_265, sim_266, sim_274, sim_275, sim_277, sim_278, sim_280, sim_284, sim_286, sim_288, sim_290, sim_291, sim_293, sim_322, sim_333",LEARNING STRATEGIES 12 (YED--2CX--_13)
sim_262 (BLOCK 5) (ROOM 109) (0 STUDENTS) (1 SECTIONS),"5 groups: sim_263, sim_269, sim_270, sim_271, sim_272",LEARNING STRATEGIES 9 LD (XLDCB09LS-_2)
sim_263 (BLOCK 5) (ROOM 109) (0 STUDENTS) (1 SECTIONS),"5 groups: sim_262, sim_269, sim_270, sim_271, sim_272",LEARNING STRATEGIES 9 LD (XLDCB09LS-_3)
sim_269 (BLOCK 5) (ROOM 109) (0 STUDENTS) (1 SECTIONS),"5 groups: sim_262, sim_263, sim_270, sim_271, sim_272",LEARNING STRATEGIES 9 LD (XLDCB09LS-_9)
sim_270 (BLOCK 5) (ROOM 109) (0 STUDENTS) (1 SECTIONS),"5 groups: sim_262, sim_263, sim_269, sim_271, sim_272",LEARNING STRATEGIES 9 LD (XLDCB09LS-_10)
sim_271 (BLOCK 5) (ROOM 109) (0 STUDENTS) (1 SECTIONS),"5 groups: sim_262, sim_263, sim_269, sim_270, sim_272",LEARNING STRATEGIES 9 LD (XLDCB09LS-_11)
sim_272 (BLOCK 5) (ROOM 109) (0 STUDENTS) (1 SECTIONS),"5 groups: sim_262, sim_263, sim_269, sim_270, sim_271",LEARNING STRATEGIES 9 LD (XLDCB09LS-_12)
sim_45 (BLOCK 5) (ROOM 114) (24 STUDENTS) (3 SECTIONS),0 groups:,"ADST – MEDIA DESIGN 10 (MMEDD10---_1), MEDIA DESIGN 11 (MMEDD11---_1), MEDIA DESIGN 12 (MMEDD12---_1)"
sim_148 (BLOCK 5) (ROOM 121) (15 STUDENTS) (1 SECTIONS),0 groups:,EXPLORATIONS IN SOCIAL STUDIES 11 (MEPSS11---_2)
sim_32 (BLOCK 5) (ROOM 122) (30 STUDENTS) (2 SECTIONS),0 groups:,"ENTREPRENEURSHIP 12 (MENT-12---_1), MARKETING AND PROMOTION 11 (MMAP-11---_1)"
sim_118 (BLOCK 5) (ROOM 123) (21 STUDENTS) (1 SECTIONS),0 groups:,COMPOSITION 11 (MCMPS11---_7)
sim_350 (BLOCK 5) (ROOM 203) (3 STUDENTS) (1 SECTIONS),0 groups:,COMPUTER PROGRAMMING 12 AI and (MCMPR12AI-_1)
sim_191 (BLOCK 5) (ROOM 205A) (17 STUDENTS) (1 SECTIONS),0 groups:,PHYSICAL GEOGRAPHY 12 (MPGEO12---_1)
sim_61 (BLOCK 5) (ROOM 205B) (20 STUDENTS) (2 SECTIONS),0 groups:,"SPANISH 11 (MSP--11---_2), SPANISH 12 (MSP--12---_2)"
sim_79 (BLOCK 5) (ROOM 207A) (30 STUDENTS) (1 SECTIONS),0 groups:,ADST – ENTREPRENEURSHIP AND MARKETING 10 (MADEM10---_2)
sim_179 (BLOCK 5) (ROOM 207B) (30 STUDENTS) (1 SECTIONS),0 groups:,LAW STUDIES 12 (MLST-12---_4)
sim_116 (BLOCK 5) (ROOM 208) (16 STUDENTS) (1 SECTIONS),0 groups:,COMPOSITION 11 (MCMPS11---_5)
sim_254 (BLOCK 5) (ROOM 209) (19 STUDENTS) (1 SECTIONS),0 groups:,20th CENTURY WORLD HISTORY 12 (MWH--12---_1)
sim_175 (BLOCK 5) (ROOM 211) (21 STUDENTS) (1 SECTIONS),0 groups:,LIFE SCIENCES 11 (MLFSC11---_5)
sim_185 (BLOCK 5) (ROOM 212) (16 STUDENTS) (1 SECTIONS),0 groups:,MATHEMATICS 9 (MMA--09---_3)
sim_187 (BLOCK 5) (ROOM 214) (15 STUDENTS) (1 SECTIONS),0 groups:,MATHEMATICS 9 CHALLENGE (MMA--09C--_1)
sim_171 (BLOCK 5) (ROOM 216) (20 STUDENTS) (1 SECTIONS),0 groups:,LIFE SCIENCES 11 (MLFSC11---_1)
sim_172 (BLOCK 5) (ROOM 219) (23 STUDENTS) (1 SECTIONS),0 groups:,LIFE SCIENCES 11 (MLFSC11---_2)
sim_186 (BLOCK 5) (ROOM 220) (30 STUDENTS) (1 SECTIONS),0 groups:,MATHEMATICS 9 (MMA--09---_4)
sim_188 (BLOCK 5) (ROOM 221) (17 STUDENTS) (1 SECTIONS),0 groups:,MATHEMATICS 9 CHALLENGE (MMA--09C--_2)
sim_151 (BLOCK 5) (ROOM 222) (14 STUDENTS) (1 SECTIONS),0 groups:,ENVIRONMENTAL SCIENCE 11 (MEVSC11---_2)
sim_84 (BLOCK 5) (ROOM 223) (24 STUDENTS) (1 SECTIONS),0 groups:,ANATOMY AND PHYSIOLOGY 12 (MATPH12---_5)
sim_198 (BLOCK 5) (ROOM 225) (24 STUDENTS) (1 SECTIONS),0 groups:,PHYSICS 12 (MPH--12---_1)
sim_174 (BLOCK 5) (ROOM 226) (16 STUDENTS) (1 SECTIONS),0 groups:,LIFE SCIENCES 11 (MLFSC11---_4)
sim_93 (BLOCK 5) (ROOM 227) (24 STUDENTS) (1 SECTIONS),0 groups:,CHEMISTRY 11 (MCH--11---_6)
sim_145 (BLOCK 5) (ROOM A-2) (7 STUDENTS) (1 SECTIONS),0 groups:,ENGLISH STUDIES 12 CHALLENGE (MENST12C--_1)
sim_31 (BLOCK 5) (ROOM A-3) (22 STUDENTS) (2 SECTIONS),0 groups:,"ECONOMICS 12 (MEC--12---_2), E-COMMERCE 12 (MECOM12---_2)"
sim_136 (BLOCK 5) (ROOM A-6) (29 STUDENTS) (1 SECTIONS),0 groups:,ENGLISH FIRST PEOPLES 12 (MENFP12---_1)
sim_180 (BLOCK 5) (ROOM A-7) (17 STUDENTS) (1 SECTIONS),0 groups:,LITERARY STUDIES 11 Challenge (MLTST11C--_1)
sim_6 (BLOCK 5) (ROOM NO ROOM FOUND) (24 STUDENTS) (4 SECTIONS),"2 groups: sim_7, sim_255","ADST - Drafting 9 (MADD-09---_1), ADST – DRAFTING 10 (MTDRF10---_1), DRAFTING 11 (MTDRF11---_1), DRAFTING 12 (MTDRF12---_1)"
sim_7 (BLOCK 5) (ROOM NO ROOM FOUND) (18 STUDENTS) (4 SECTIONS),"2 groups: sim_6, sim_255","ADST - Drafting 9 (MADD-09---_2), ADST – DRAFTING 10 (MTDRF10---_2), DRAFTING 11 (MTDRF11---_2), DRAFTING 12 (MTDRF12---_2)"
sim_255 (BLOCK 5) (ROOM NO ROOM FOUND) (30 STUDENTS) (1 SECTIONS),"2 groups: sim_6, sim_7",20th CENTURY WORLD HISTORY 12 (MWH--12---_2)
sim_26 (BLOCK 5) (ROOM Studio) (24 STUDENTS) (3 SECTIONS),0 groups:,"DANCE 9 HIP HOP (MDNC-09H--_1), DANCE CONDITIONING 11 (MDNCN11---_1), DANCE CONDITIONING 12 (MDNCN12---_1)"
sim_47 (BLOCK 5) (ROOM _CHECK THIS THING IDK) (30 STUDENTS) (3 SECTIONS),0 groups:,"OUTDOOR EDUCATION 11 (MODED11---_1), OUTDOOR EDUCATION 12 (MODED12---_1), OUTDOOR EDUCATION 10 (YPR--0BX--_1)"
sim_64 (BLOCK 6) (ROOM 102) (23 STUDENTS) (3 SECTIONS),0 groups:,"AUTOMOTIVE TECHNOLOGY 11 (MTAUT11---_2), AUTOMOTIVE TECHNOLOGY 12 (MTAUT12---_2), ENGINE AND DRIVETRAIN 12 (MTEAD12---_2)"
sim_11 (BLOCK 6) (ROOM 104) (24 STUDENTS) (4 SECTIONS),0 groups:,"ADST - Electronics and Robotics (MADER09---_2), ADST – ELECTRONICS AND ROBOTICS 10 (MTEAR10---_2), ROBOTICS 11 (MTROB11---_2), ROBOTICS 12 (MTROB12---_2)"
sim_74 (BLOCK 6) (ROOM 106) (28 STUDENTS) (1 SECTIONS),0 groups:,AP CALCULUS AB 12 external credential (ACAL-12---_1)
sim_37 (BLOCK 6) (ROOM 107) (15 STUDENTS) (2 SECTIONS),0 groups:,"FRENCH 9 (MFR--09---_1), FRENCH 10 (MFR--10---_1)"
sim_330 (BLOCK 6) (ROOM 108) (3 STUDENTS) (1 SECTIONS),1 groups: sim_331,LEARNING STRATEGIES 12 (YED--2CX--_9)
sim_331 (BLOCK 6) (ROOM 108) (0 STUDENTS) (1 SECTIONS),1 groups: sim_330,LEARNING STRATEGIES 12 (YED--2CX--_10)
sim_326 (BLOCK 6) (ROOM 109) (0 STUDENTS) (1 SECTIONS),0 groups:,LEARNING STRATEGIES 12 (YED--2CX--_5)
sim_72 (BLOCK 6) (ROOM 116) (29 STUDENTS) (4 SECTIONS),0 groups:,"VISUAL ARTS 9 (MVA--09---_3), VISUAL ARTS: ART STUDIO 10 (MVAST10---_3), ART STUDIO 11 (MVAST11---_3), ART STUDIO 12 (MVAST12---_3)"
sim_166 (BLOCK 6) (ROOM 119) (10 STUDENTS) (1 SECTIONS),0 groups:,INSTRUMENTAL MUSIC 12: GUITAR (MIMG-12---_1)
sim_230 (BLOCK 6) (ROOM 121) (30 STUDENTS) (1 SECTIONS),0 groups:,SOCIAL JUSTICE 12 (MSJ--12---_2)
sim_38 (BLOCK 6) (ROOM 122) (21 STUDENTS) (2 SECTIONS),0 groups:,"FRENCH 9 (MFR--09---_2), FRENCH 10 (MFR--10---_2)"
sim_102 (BLOCK 6) (ROOM 201) (20 STUDENTS) (1 SECTIONS),0 groups:,CAREER LIFE EDUCATION 10 (MCLE-10---_3)
sim_349 (BLOCK 6) (ROOM 203) (24 STUDENTS) (1 SECTIONS),0 groups:,COMPUTER PROGRAMMING 11 AI and (MCMPR11AI-_1)
sim_24 (BLOCK 6) (ROOM 205A) (16 STUDENTS) (2 SECTIONS),0 groups:,"INTRODUCTORY SPANISH 11 (MBSP-11---_2), SPANISH 9 (MSP--09---_2)"
sim_229 (BLOCK 6) (ROOM 205B) (19 STUDENTS) (1 SECTIONS),0 groups:,SOCIAL JUSTICE 12 (MSJ--12---_1)
sim_2 (BLOCK 6) (ROOM 206) (30 STUDENTS) (2 SECTIONS),0 groups:,"ACCOUNTING 11 (MAC--11---_2), ACCOUNTING 12 (MACC-12---_2)"
sim_101 (BLOCK 6) (ROOM 207A) (24 STUDENTS) (1 SECTIONS),0 groups:,CAREER LIFE EDUCATION 10 (MCLE-10---_2)
sim_208 (BLOCK 6) (ROOM 207B) (16 STUDENTS) (1 SECTIONS),0 groups:,PRE-CALCULUS 11 (MPREC11---_4)
sim_131 (BLOCK 6) (ROOM 208) (0 STUDENTS) (1 SECTIONS),0 groups:,ENGLISH LANGUAGE ARTS 9 (MEN--09---_5)
sim_104 (BLOCK 6) (ROOM 209) (30 STUDENTS) (1 SECTIONS),0 groups:,CAREER LIFE EDUCATION 10 (MCLE-10---_5)
sim_210 (BLOCK 6) (ROOM 210) (30 STUDENTS) (1 SECTIONS),0 groups:,PRE-CALCULUS 11 (MPREC11---_6)
sim_223 (BLOCK 6) (ROOM 211) (18 STUDENTS) (1 SECTIONS),0 groups:,SCIENCE 9 (MSC--09---_5)
sim_256 (BLOCK 6) (ROOM 214) (15 STUDENTS) (1 SECTIONS),0 groups:,WORKPLACE MATHEMATICS 10 (MWPM-10---_1)
sim_222 (BLOCK 6) (ROOM 216) (21 STUDENTS) (1 SECTIONS),0 groups:,SCIENCE 9 (MSC--09---_4)
sim_192 (BLOCK 6) (ROOM 219) (14 STUDENTS) (1 SECTIONS),0 groups:,PHYSICS 11 (MPH--11---_1)
sim_258 (BLOCK 6) (ROOM 220) (15 STUDENTS) (1 SECTIONS),0 groups:,WORKPLACE MATHEMATICS 11 (MWPM-11---_2)
sim_85 (BLOCK 6) (ROOM 221) (30 STUDENTS) (1 SECTIONS),0 groups:,CALCULUS 12 (MCALC12---_1)
sim_100 (BLOCK 6) (ROOM 222) (15 STUDENTS) (1 SECTIONS),0 groups:,CAREER LIFE EDUCATION 10 (MCLE-10---_1)
sim_224 (BLOCK 6) (ROOM 223) (19 STUDENTS) (1 SECTIONS),0 groups:,SCIENCE 9 (MSC--09---_6)
sim_197 (BLOCK 6) (ROOM 225) (23 STUDENTS) (1 SECTIONS),0 groups:,PHYSICS 11 (MPH--11---_6)
sim_221 (BLOCK 6) (ROOM 227) (17 STUDENTS) (1 SECTIONS),0 groups:,SCIENCE 9 (MSC--09---_3)
sim_103 (BLOCK 6) (ROOM A-2) (18 STUDENTS) (1 SECTIONS),0 groups:,CAREER LIFE EDUCATION 10 (MCLE-10---_4)
sim_40 (BLOCK 6) (ROOM A-3) (30 STUDENTS) (2 SECTIONS),0 groups:,"FRENCH 11 (MFR--11---_1), FRENCH 12 (MFR--12---_1)"
sim_128 (BLOCK 6) (ROOM A-6) (15 STUDENTS) (1 SECTIONS),0 groups:,ENGLISH LANGUAGE ARTS 9 (MEN--09---_2)
sim_353 (BLOCK 6) (ROOM Gym) (0 STUDENTS) (1 SECTIONS),1 groups: sim_354,PHYSICAL AND HEALTH EDUCATION 9 Football (MPHE-09FB-_1)
sim_354 (BLOCK 6) (ROOM Gym) (13 STUDENTS) (1 SECTIONS),1 groups: sim_353,PHYSICAL AND HEALTH EDUCATION 10 Football (MPHED10FB-_1)
sim_10 (BLOCK 6) (ROOM NO ROOM FOUND) (19 STUDENTS) (4 SECTIONS),"6 groups: sim_65, sim_70, sim_71, sim_219, sim_220, sim_352","ADST - Electronics and Robotics (MADER09---_1), ADST – ELECTRONICS AND ROBOTICS 10 (MTEAR10---_1), ROBOTICS 11 (MTROB11---_1), ROBOTICS 12 (MTROB12---_1)"
sim_65 (BLOCK 6) (ROOM NO ROOM FOUND) (21 STUDENTS) (3 SECTIONS),"6 groups: sim_10, sim_70, sim_71, sim_219, sim_220, sim_352","AUTOMOTIVE TECHNOLOGY 11 (MTAUT11---_3), AUTOMOTIVE TECHNOLOGY 12 (MTAUT12---_3), ENGINE AND DRIVETRAIN 12 (MTEAD12---_3)"
sim_70 (BLOCK 6) (ROOM NO ROOM FOUND) (23 STUDENTS) (4 SECTIONS),"6 groups: sim_10, sim_65, sim_71, sim_219, sim_220, sim_352","VISUAL ARTS 9 (MVA--09---_1), VISUAL ARTS: ART STUDIO 10 (MVAST10---_1), ART STUDIO 11 (MVAST11---_1), ART STUDIO 12 (MVAST12---_1)"
sim_71 (BLOCK 6) (ROOM NO ROOM FOUND) (28 STUDENTS) (4 SECTIONS),"6 groups: sim_10, sim_65, sim_70, sim_219, sim_220, sim_352","VISUAL ARTS 9 (MVA--09---_2), VISUAL ARTS: ART STUDIO 10 (MVAST10---_2), ART STUDIO 11 (MVAST11---_2), ART STUDIO 12 (MVAST12---_2)"
sim_219 (BLOCK 6) (ROOM NO ROOM FOUND) (16 STUDENTS) (1 SECTIONS),"6 groups: sim_10, sim_65, sim_70, sim_71, sim_220, sim_352",SCIENCE 9 (MSC--09---_1)
sim_220 (BLOCK 6) (ROOM NO ROOM FOUND) (13 STUDENTS) (1 SECTIONS),"6 groups: sim_10, sim_65, sim_70, sim_71, sim_219, sim_352",SCIENCE 9 (MSC--09---_2)
sim_352 (BLOCK 6) (ROOM NO ROOM FOUND) (15 STUDENTS) (1 SECTIONS),"6 groups: sim_10, sim_65, sim_70, sim_71, sim_219, sim_220",INSTRUMENTAL MUSIC: GUITAR 10 (MMUGT10---_1)
sim_13 (BLOCK 7) (ROOM 104) (30 STUDENTS) (4 SECTIONS),0 groups:,"ADST 9 - General Explorations (Modules) (MADGE09---_2), ENGINEERING 11 (MENR-11---_2), ENGINEERING 12 (MENR-12---_2), ADST-Technology Explorations 10 (MTEXP10---_2)"
sim_15 (BLOCK 7) (ROOM 105) (30 STUDENTS) (4 SECTIONS),0 groups:,"ADST 9 - General Explorations (Modules) (MADGE09---_4), ENGINEERING 11 (MENR-11---_4), ENGINEERING 12 (MENR-12---_4), ADST-Technology Explorations 10 (MTEXP10---_4)"
sim_178 (BLOCK 7) (ROOM 107) (30 STUDENTS) (1 SECTIONS),0 groups:,LAW STUDIES 12 (MLST-12---_3)
sim_302 (BLOCK 7) (ROOM 108) (0 STUDENTS) (1 SECTIONS),1 groups: sim_324,LEARNING STRATEGIES 11 (YED--1DX--_3)
sim_324 (BLOCK 7) (ROOM 108) (7 STUDENTS) (1 SECTIONS),1 groups: sim_302,LEARNING STRATEGIES 12 (YED--2CX--_3)
sim_289 (BLOCK 7) (ROOM 109) (0 STUDENTS) (1 SECTIONS),0 groups:,LEARNING STRATEGIES 10 (YED--0AX--_12)
sim_68 (BLOCK 7) (ROOM 113) (30 STUDENTS) (3 SECTIONS),0 groups:,"VISUAL ARTS: PHOTOGRAPHY 10 (MVAPH10---_1), PHOTOGRAPHY 11 (MVAPH11---_1), PHOTOGRAPHY 12 (MVAPH12---_1)"
sim_245 (BLOCK 7) (ROOM 121) (0 STUDENTS) (1 SECTIONS),0 groups:,SOCIAL STUDIES 10 (MSS--10---_6)
sim_177 (BLOCK 7) (ROOM 122) (28 STUDENTS) (1 SECTIONS),0 groups:,LAW STUDIES 12 (MLST-12---_2)
sim_342 (BLOCK 7) (ROOM 123) (17 STUDENTS) (1 SECTIONS),0 groups:,CRIMINOLOGY 12 (YLAW-2CX--_1)
sim_343 (BLOCK 7) (ROOM 205A) (22 STUDENTS) (1 SECTIONS),0 groups:,CRIMINOLOGY 12 (YLAW-2CX--_2)
sim_244 (BLOCK 7) (ROOM 205B) (17 STUDENTS) (1 SECTIONS),0 groups:,SOCIAL STUDIES 10 (MSS--10---_5)
sim_164 (BLOCK 7) (ROOM 206) (16 STUDENTS) (1 SECTIONS),0 groups:,ADST – FOOD STUDIES 10 (MFOOD10---_2)
sim_345 (BLOCK 7) (ROOM 207A) (23 STUDENTS) (1 SECTIONS),0 groups:,PSYCHOLOGY 11 (YPSYC1AX--_1)
sim_176 (BLOCK 7) (ROOM 207B) (18 STUDENTS) (1 SECTIONS),0 groups:,LAW STUDIES 12 (MLST-12---_1)
sim_347 (BLOCK 7) (ROOM 208) (29 STUDENTS) (1 SECTIONS),0 groups:,PSYCHOLOGY 11 (YPSYC1AX--_3)
sim_240 (BLOCK 7) (ROOM 209) (0 STUDENTS) (1 SECTIONS),0 groups:,SOCIAL STUDIES 10 (MSS--10---_1)
sim_161 (BLOCK 7) (ROOM 210) (22 STUDENTS) (1 SECTIONS),0 groups:,FOUNDATIONS OF MATHEMATICS 11 (MFOM-11---_1)
sim_97 (BLOCK 7) (ROOM 211) (24 STUDENTS) (1 SECTIONS),0 groups:,CHEMISTRY 12 (MCH--12---_4)
sim_86 (BLOCK 7) (ROOM 214) (30 STUDENTS) (1 SECTIONS),0 groups:,CALCULUS 12 (MCALC12---_2)
sim_360 (BLOCK 7) (ROOM 216) (13 STUDENTS) (1 SECTIONS),0 groups:,SCIENCE 10 (MSC--10---_6)
sim_361 (BLOCK 7) (ROOM 219) (13 STUDENTS) (1 SECTIONS),0 groups:,SCIENCE 10 (MSC--10---_7)
sim_162 (BLOCK 7) (ROOM 220) (30 STUDENTS) (1 SECTIONS),0 groups:,FOUNDATIONS OF MATHEMATICS 11 (MFOM-11---_2)
sim_241 (BLOCK 7) (ROOM 222) (16 STUDENTS) (1 SECTIONS),0 groups:,SOCIAL STUDIES 10 (MSS--10---_2)
sim_82 (BLOCK 7) (ROOM 223) (24 STUDENTS) (1 SECTIONS),0 groups:,ANATOMY AND PHYSIOLOGY 12 (MATPH12---_3)
sim_357 (BLOCK 7) (ROOM 225) (12 STUDENTS) (1 SECTIONS),0 groups:,SCIENCE 10 (MSC--10---_3)
sim_358 (BLOCK 7) (ROOM 226) (14 STUDENTS) (1 SECTIONS),0 groups:,SCIENCE 10 (MSC--10---_4)
sim_355 (BLOCK 7) (ROOM 227) (12 STUDENTS) (1 SECTIONS),0 groups:,SCIENCE 10 (MSC--10---_1)
sim_243 (BLOCK 7) (ROOM A-2) (17 STUDENTS) (1 SECTIONS),0 groups:,SOCIAL STUDIES 10 (MSS--10---_4)
sim_344 (BLOCK 7) (ROOM A-3) (29 STUDENTS) (1 SECTIONS),0 groups:,CRIMINOLOGY 12 (YLAW-2CX--_3)
sim_108 (BLOCK 7) (ROOM A-6) (15 STUDENTS) (1 SECTIONS),0 groups:,COMPOSITION 10 (MCMPS10---_2)
sim_122 (BLOCK 7) (ROOM A-7) (15 STUDENTS) (1 SECTIONS),0 groups:,EFP WRITING 10 (MEFWR10---_1)
sim_27 (BLOCK 7) (ROOM NO ROOM FOUND) (13 STUDENTS) (2 SECTIONS),"7 groups: sim_127, sim_132, sim_242, sim_246, sim_260, sim_346, sim_359","DANCE 9 Performance and Technique (MDNC-09PT-_1), DANCE TECHNIQUE AND PERFORMANCE 10 (MDNTP10---_1)"
sim_127 (BLOCK 7) (ROOM NO ROOM FOUND) (30 STUDENTS) (1 SECTIONS),"7 groups: sim_27, sim_132, sim_242, sim_246, sim_260, sim_346, sim_359",ENGLISH LANGUAGE ARTS 9 (MEN--09---_1)
sim_132 (BLOCK 7) (ROOM NO ROOM FOUND) (30 STUDENTS) (1 SECTIONS),"7 groups: sim_27, sim_127, sim_242, sim_246, sim_260, sim_346, sim_359",ENGLISH LANGUAGE ARTS 9 (MEN--09---_6)
sim_242 (BLOCK 7) (ROOM NO ROOM FOUND) (0 STUDENTS) (1 SECTIONS),"7 groups: sim_27, sim_127, sim_132, sim_246, sim_260, sim_346, sim_359",SOCIAL STUDIES 10 (MSS--10---_3)
sim_246 (BLOCK 7) (ROOM NO ROOM FOUND) (15 STUDENTS) (1 SECTIONS),"7 groups: sim_27, sim_127, sim_132, sim_242, sim_260, sim_346, sim_359",SOCIAL STUDIES 10 (MSS--10---_7)
sim_260 (BLOCK 7) (ROOM NO ROOM FOUND) (26 STUDENTS) (1 SECTIONS),"7 groups: sim_27, sim_127, sim_132, sim_242, sim_246, sim_346, sim_359",CONCERT BAND 9 - Guitar (XBA--09G--_1)
sim_346 (BLOCK 7) (ROOM NO ROOM FOUND) (25 STUDENTS) (1 SECTIONS),"7 groups: sim_27, sim_127, sim_132, sim_242, sim_246, sim_260, sim_359",PSYCHOLOGY 11 (YPSYC1AX--_2)
sim_359 (BLOCK 7) (ROOM NO ROOM FOUND) (12 STUDENTS) (1 SECTIONS),"7 groups: sim_27, sim_127, sim_132, sim_242, sim_246, sim_260, sim_346",SCIENCE 10 (MSC--10---_5)
sim_25 (BLOCK 7) (ROOM Studio) (27 STUDENTS) (4 SECTIONS),0 groups:,"DANCE FOUNDATIONS 10 (MDCF-10---_1), DANCE FOUNDATIONS 11 (MDCF-11---_1), DANCE FOUNDATIONS 12 (MDCF-12---_1), DANCE 9 Foundations (MDNC-09F--_1)"
