Student,Block 0,Block 1,Block 2,Block 3,Block 4,Block 5,Block 6,Block 7
1000,YPSYC1AX--,unassigned,unassigned,MEC--12---,MCALC12---,MENFP12---,MPREC12---,MCLC-12--L
1001,XBA--09G--,unassigned,unassigned,MPREC12---,unassigned,unassigned,MFR--10---,MATPH12---
1002,MFOOD12---,MTXT-12---,MDRM-12---,MENFP12---,YED--2CX--,unassigned,MDCF-12---,MCLC-12--L
1003,unassigned,unassigned,MACLV12---,MENST12---,MEVSC12C--,MATPH12---,MPREC12---,MCLC-12--L
1004,MFOOD12---,MENST12C--,ACAL-12---,unassigned,MTDRF12---,MENR-12---,MPH--12---,MCH--12---
1005,MENST12---,MPH--11---,MCALC12---,unassigned,unassigned,MATPH12---,MCH--12---,MCLC-12--L
1006,MCALC12---,MCH--12---,unassigned,MPREC12---,unassigned,MLST-12---,MSP--11---,MCLC-12--L
1007,MCALC12---,MCH--12---,APHM-12---,MENR-12---,unassigned,AELC-12---,unassigned,MCLC-12--L
1008,unassigned,MPH--12---,MCALC12---,MCH--12---,MEC--12---,AELC-12---,MENR-12---,MCLC-12--L
1009,MFOOD12---,MPH--12---,MATPH12---,MCH--12---,unassigned,MENST12---,MPREC12---,MCLC-12--L
1010,unassigned,unassigned,ACAL-12---,MLTST12---,MCMPR12AI-,AELC-12---,MPH--12---,MCLC-12--L
1011,MTDRF12---,MCH--12---,ACAL-12---,MLTST12---,unassigned,AELC-12---,MPH--12---,MCLC-12--L
1012,MSJ--12---,YED--2CX--,MENST12---,MFOOD12---,unassigned,MACLV12---,unassigned,MCLC-12--L
1013,MENFP12---,MTXT-12---,MFOOD12---,MPREC12---,MEC--12---,unassigned,YLAW-2CX--,MCLC-12--L
1014,MFOM-11---,MLFSC11---,MCMPS11---,unassigned,unassigned,unassigned,unassigned,MPGEO12---
1015,MENST12---,MLST-12---,MFOOD12---,MPREC12---,MCALC12---,YED--2FX-L,unassigned,MCLC-12--L
1016,MENST12---,unassigned,MFOOD12---,MFOM-11---,MEVSC12C--,MTAUT12---,unassigned,MCLC-12--L
1017,MTDRF12---,unassigned,MCALC12---,MENFP12--Y,MAC--11---,unassigned,MPREC12---,MCLC-12--L
1018,unassigned,MCH--12---,APHM-12---,MFOOD12---,MCALC12---,MENST12---,MPREC12---,MCLC-12--L
1019,YLAW-2CX--,unassigned,MENST12---,unassigned,unassigned,MMEDD12---,MFR--11---,unassigned
1020,MENST12---,MAC--11---,unassigned,unassigned,unassigned,MPH--12---,unassigned,MPREC12---
1021,MENFP12---,unassigned,MCH--12---,MATPH12---,MCH--11---,MDNC-12--L,MDCF-12---,MCLC-12--L
1022,MPREC11---,MTXT-12---,MPREC12---,MENST12---,unassigned,MCMCL12---,MVAST12---,MCLC-12--L
1023,MENST12---,MPH--12---,MCH--12---,MATPH12---,unassigned,MPH--11---,MPREC12---,MCLC-12--L
1024,unassigned,MODED12---,MENST12---,MCH--11---,unassigned,MTAUT12---,MCH--12---,MCLC-12--L
1025,unassigned,unassigned,MPREC12---,MENST12---,unassigned,MPH--12---,unassigned,MCH--12---
1026,MFOOD12---,ACSC-2A---,ACAL-12---,MENST12C--,unassigned,MMEDD12---,MPREC12H--,MCH--12---
1027,MSJ--12---,MLST-12---,MATPH12---,MFOM-11---,YLAW-2CX--,MENST12---,unassigned,MCLC-12--L
1028,MFOOD12---,unassigned,MMEDD12---,unassigned,unassigned,MATPH12---,MDCF-12---,unassigned
1029,MSJ--12---,unassigned,MDRM-12---,MLTST12---,unassigned,AELC-12---,MPREC12---,MCLC-12--L
1030,MCALC12---,MPH--12---,MFOOD12---,MENST12---,unassigned,MACLV12---,MCH--12---,MCLC-12--L
1031,MENST12---,unassigned,unassigned,unassigned,YLAW-2CX--,unassigned,unassigned,MPREC12---
1032,MFOOD12---,MAC--11---,unassigned,MENFP12---,unassigned,MCLE-10---,MWH--12---,MCLC-12--L
1033,MENST12---,unassigned,MACC-12---,MEC--12---,MAC--11---,unassigned,YPA--2CX--,MCLC-12--L
1034,MSJ--12---,MLFSC11---,YED--2CX--,MFOOD12---,MEVSC12C--,MENST12---,MWH--12---,MCLC-12--L
1035,MFOM-11---,MENT-12---,MENST12---,MECOM12---,MAC--11---,unassigned,unassigned,MCLC-12--L
1036,unassigned,MCH--12---,ACAL-12---,MENST12C--,unassigned,MPH--12---,MPH--11---,MCLC-12--L
1037,MCALC12---,unassigned,MCH--12---,MLTST12---,MDNCM12--L,AELC-12---,MPH--12---,MATPH12---
1038,MENST12---,MLST-12---,MTAUT12---,MFOM-11---,unassigned,MATPH12---,unassigned,MCH--11---
1039,MENST12---,MCH--12---,ACAL-12---,MEC--12---,unassigned,MATPH12---,unassigned,MCLC-12--L
1040,unassigned,MENT-12---,MENST12---,MPREC12---,unassigned,unassigned,unassigned,MPH--12---
1041,MDNTP12---,MLST-12---,MFOOD12---,MENFP12---,MDNCM12--L,MDNC-12--L,MWH--12---,MCLC-12--L
1042,MSP--12---,unassigned,MLFSC11---,unassigned,unassigned,MFR--12---,unassigned,unassigned
1043,MSP--12---,unassigned,unassigned,unassigned,unassigned,MENST12---,unassigned,MPREC12---
1044,MENST12---,unassigned,YPSYC1AX--,unassigned,unassigned,MWH--12---,unassigned,MATPH12---
1045,unassigned,MCH--12---,APHM-12---,MCH--11---,MCALC12---,unassigned,MPREC12---,MCLC-12--L
1046,unassigned,MENST12C--,ASTA-12---,MCH--12---,MCALC12---,MPH--12---,unassigned,MCLC-12--L
1047,MTDRF12---,MIMG-12---,MCALC12---,MFOOD12---,MENR-12---,MENFP12---,MPREC12---,MCLC-12--L
1048,MSJ--12---,unassigned,MPREC12---,MENST12---,MEVSC12C--,MCMCL12---,MWH--12---,MCLC-12--L
1049,MGRPR12--L,unassigned,ACAL-12---,MCH--12---,unassigned,AELC-12---,MPREC12---,MCLC-12--L
1050,MFOOD12---,unassigned,MCH--12---,MENST12---,MEVSC12C--,MATPH12---,MPREC12---,MCLC-12--L
1051,MCALC12---,unassigned,MATPH12---,MTXT-12---,MMACS12---,MENST12---,MPREC12H--,MCLC-12--L
1052,unassigned,MCH--12---,ASTA-12---,unassigned,MCLC-12---,MENFP12---,MWH--12---,unassigned
1053,MENFP12---,MPH--12---,ACAL-12---,unassigned,MENR-12---,MACLV12---,MCH--12---,MCLC-12--L
1054,MMACS11---,unassigned,unassigned,unassigned,unassigned,MENR-12---,MWH--12---,MPH--12---
1055,MDNTP12---,unassigned,MENST12---,MPREC12---,unassigned,unassigned,unassigned,unassigned
1056,MENST12---,unassigned,unassigned,MPREC12---,unassigned,MPH--12---,unassigned,MCH--12---
1057,MENST12---,unassigned,MTAUT12---,MFOOD12---,MCLC-12---,unassigned,unassigned,MSP--12---
1058,unassigned,unassigned,MPREC12---,MATPH12---,unassigned,unassigned,unassigned,MPH--12---
1059,MDNTP12---,MCLE-10---,MENST12---,YED--2CX--,MDNCM12--L,MDNC-12--L,MDCF-12---,MCLC-12--L
1060,MENST12---,unassigned,unassigned,MLFSC11---,unassigned,unassigned,unassigned,MPREC12---
1061,MENST12---,unassigned,MLFSC11---,MFOM-11---,unassigned,MWH--12---,unassigned,unassigned
1062,unassigned,unassigned,MPREC12---,MATPH12---,unassigned,MWH--12---,unassigned,MPH--12---
1063,unassigned,unassigned,unassigned,MLST-12---,MEC--12---,MENST12---,YPA--2CX--,MCH--12---
1064,unassigned,MPH--12---,ACAL-12---,MLTST12---,unassigned,AELC-12---,MCH--12---,MCLC-12--L
1065,unassigned,MCH--12---,ACAL-12---,MENST12C--,unassigned,MATPH12---,MPREC12H--,MCLC-12--L
1066,unassigned,MAC--11---,MCALC12---,MENST12---,unassigned,MLST-12---,MMAP-11---,MCLC-12--L
1067,MFOOD12---,MIMG-12---,MDRM-12---,MENST12---,MPREC11---,MMEDD12---,YLAW-2CX--,MCLC-12--L
1068,MCALC12---,unassigned,MATPH12---,MCH--12---,unassigned,MENST12---,MPH--12---,MCLC-12--L
1069,MENFP12---,MFMP-10---,MPH--11---,MFOOD12---,MPREC11---,unassigned,MCH--11---,MATPH12---
1070,unassigned,MPH--11---,MCALC12---,MPREC12---,unassigned,MENFP12---,MENR-12---,MCLC-12--L
1071,YPSYC1AX--,MENST12C--,MPH--11---,MPREC12---,MCALC12---,MATPH12---,MMUOR12S-L,MCLC-12--L
1072,MFOOD12---,unassigned,MACLV12---,MENFP12---,unassigned,MENR-12---,MWWK-12---,MCLC-12--L
1073,MENST12---,unassigned,unassigned,MPREC12---,MEVSC12C--,MATPH12---,unassigned,MCLC-12--L
1074,MDNTP12---,unassigned,MCH--12---,MENST12---,MCALC12---,MDNC-12--L,MPREC12---,MATPH12---
1075,MFOM-11---,MLFSC11---,unassigned,MCMPS11---,unassigned,unassigned,MEPSS11---,unassigned
1076,MFOM-11---,unassigned,MACLV12---,MENFP12---,YED--2CX--,MCMCL12---,YLAW-2CX--,MCLC-12--L
1077,MENST12---,unassigned,MATPH12---,MPREC12---,unassigned,unassigned,unassigned,MPH--12---
1078,MENFP12---,MCH--12---,MCALC12---,unassigned,unassigned,MATPH12---,MPH--11---,MCLC-12--L
1079,MFOOD12---,unassigned,unassigned,unassigned,unassigned,MENFP12---,YPA--2CX--,MCLC-12--L
1080,unassigned,MCH--12---,ACAL-12---,MENST12C--,unassigned,MFR--12---,MIMJB12--L,MCLC-12--L
1081,MENST12---,unassigned,MCH--12---,unassigned,unassigned,MFR--12---,unassigned,MPREC12---
1082,YPSYC1AX--,unassigned,MENST12---,MATPH12---,unassigned,unassigned,unassigned,MPREC12---
1083,MDMD-12D--,MENT-12---,MACLV12---,MFOM-11---,unassigned,MENFP12---,MWH--12---,unassigned
1084,MENST12---,unassigned,ACAL-12---,MCH--12---,YLAW-2CX--,MPH--12---,MMACS12---,MCLC-12--L
1085,MFOM-11---,MCH--12---,MENST12---,MATPH12---,MEVSC12C--,unassigned,unassigned,MCLC-12--L
1086,MENST12---,MPH--12---,MATPH12---,MPREC12---,YED--2CX--,MACLV12---,MCH--12---,MCLC-12--L
1087,MFOM-11---,unassigned,MFOOD12---,unassigned,MCLC-12---,MENST12---,unassigned,MVAPH12---
1088,MENFP12---,unassigned,MFOOD12---,MLST-12---,MEVSC12C--,MWH--12---,YED--2CX--,MCLC-12--L
1089,unassigned,ACSC-2A---,MDRM-12---,MENFP12---,unassigned,MATPH12---,MBSP-11---,MCLC-12--L
1090,unassigned,unassigned,MPREC12---,unassigned,MCLC-12---,MENST12---,MCH--12---,MATPH12---
1091,MENST12---,unassigned,ACAL-12---,MECOM12---,MEC--12---,MPH--12---,MACC-12---,MCLC-12--L
1092,MCALC12---,unassigned,APHM-12---,MEC--12---,MDNCM12--L,MATPH12---,MMACS12---,MCH--12---
1093,MFOM-11---,unassigned,MDRM-12---,MENFP12---,MTDRF12---,MACLV12---,unassigned,MCLC-12--L
1094,MCALC12---,unassigned,unassigned,MEC--12---,MTDRF12---,MATPH12---,MPH--12---,MCH--12---
1095,MSJ--12---,MIMG-12---,MACLV12---,MENFP12--Y,unassigned,unassigned,MECOM12---,MCLC-12--L
1096,MFOOD12---,MODED12---,MENST12---,MFOM-11---,MEVSC12C--,MTAUT12---,YLAW-2CX--,MCLC-12--L
1097,MFOOD12---,MODED12---,MPREC12---,MENST12---,MEVSC12C--,YLRA-2AX-L,unassigned,MATPH12---
1098,unassigned,MENT-12---,ASTA-12---,MENST12---,MCALC12---,MLST-12---,MMAP-11---,MCLC-12--L
1099,MENFP12---,MCH--11---,MCALC12---,MCH--12---,MEC--12---,MPH--12---,MMACS12---,MCLC-12--L
1100,MDMD-12D--,MCH--12---,MCALC12---,MENST12C--,unassigned,MPH--12---,MPH--11---,MCLC-12--L
1101,unassigned,MCH--12---,APHM-12---,MEC--12---,MCALC12---,MATPH12---,MMAP-11---,MCLC-12--L
1102,MENST12---,MTXT-12---,MATPH12---,MPREC12---,unassigned,MTAUT12---,MIMJB12--L,MCLC-12--L
1103,MCALC12---,MENST12C--,MCH--12---,MATPH12---,unassigned,YED--2FX-L,MPH--12---,MCLC-12--L
1104,MFOOD12---,MPH--11---,MCH--12---,MATPH12---,unassigned,MENFP12---,MMAP-11---,MCLC-12--L
1105,MCALC12---,MCH--12---,MENST12---,MFOOD12---,unassigned,YED--2DX-L,MPH--12---,MCLC-12--L
1106,MFOOD12---,MLFSC11---,MATPH12---,MFOM-11---,unassigned,MENST12---,MVAST12---,MCLC-12--L
1107,MENST12---,MCH--12---,ACAL-12---,unassigned,unassigned,MATPH12---,MPREC12H--,MCLC-12--L
1108,MDMD-12D--,unassigned,unassigned,MENFP12--Y,MEVSC12C--,MVAST12---,MPREC12---,MCLC-12--L
1109,MFOOD12---,MENT-12---,MTAUT12---,MFOM-11---,unassigned,MENFP12---,MACC-12---,MCLC-12--L
1110,MENST12---,unassigned,unassigned,MVAPH11---,unassigned,MFR--12---,MWH--12---,unassigned
1111,YED--2CX--,MENT-12---,MACC-12---,MFOOD12---,unassigned,MENST12---,MPREC12---,MCLC-12--L
1112,MFOM-11---,MEPSS11---,MFOOD12---,MENFP12--Y,unassigned,MLST-12---,MSP--11---,MCLC-12--L
1113,MENFP12---,MLST-12---,MPREC12---,MCH--12---,MPREC11---,unassigned,MPH--12---,MATPH12---
1114,unassigned,MPH--12---,unassigned,MEC--12---,MCALC12---,AELC-12---,MCH--12---,MATPH12---
1115,MENST12---,MPH--12---,MCALC12---,MPREC12---,MEC--12---,YED--2FX-L,MECOM12---,MCLC-12--L
1116,MDNTP12---,unassigned,MENST12---,unassigned,MDNCM12--L,MCMCL12---,MWH--12---,MCLC-12--L
1117,MFOOD12---,MPH--12---,MCALC12---,MENFP12---,MEC--12---,MATPH12---,unassigned,MCLC-12--L
1118,MFOOD12---,MLST-12---,unassigned,MENFP12---,unassigned,MATPH12---,MWH--12---,MCLC-12--L
1119,YED--2CX--,MTXT-12---,unassigned,MENFP12--Y,unassigned,unassigned,MACLV12G--,MCLC-12--L
1120,MENFP12---,MEPSS11---,MFOOD12---,MWPM-11---,MCLE-10---,MEVSC11---,unassigned,MCLC-12--L
1121,MSJ--12---,MLFSC11---,YPSYC1AX--,MENFP12--Y,unassigned,MATPH12---,MPREC12---,MCH--12---
1122,unassigned,MENST12C--,ACAL-12---,MLST-12---,unassigned,YED--2DX-L,MPREC12H--,MCH--12---
1123,unassigned,MCH--11---,MATPH12---,MLFSC11---,MEC--12---,MENFP12---,MCH--12---,MCLC-12--L
1124,unassigned,MCH--12---,MENST12---,MATPH12---,MCALC12---,unassigned,MPH--12---,MCLC-12--L
1125,MCALC12---,MCH--12---,MPREC12---,MATPH12---,unassigned,MENFP12---,MPH--12---,MCLC-12--L
1126,MFOOD12---,MLFSC11---,MATPH12---,MENST12---,unassigned,MWH--12---,unassigned,MTXT-12---
1127,MCALC12---,MPH--12---,unassigned,MCH--12---,unassigned,AELC-12---,MPREC12---,MATPH12---
1128,MFOOD12---,MLFSC11---,MCH--12---,MENST12---,unassigned,MATPH12---,MPH--12---,MCLC-12--L
1129,MENST12---,MPH--12---,YPSYC1AX--,MPREC12---,unassigned,MATPH12---,MACLV12G--,MPGEO12---
1130,unassigned,MPH--12---,MCH--12---,MLTST12---,MCALC12---,AELC-12---,MPREC12---,MCLC-12--L
1131,MENST12---,unassigned,MCALC12---,MLST-12---,unassigned,MATPH12---,MPREC12---,MCLC-12--L
1132,unassigned,MENST12C--,ACAL-12---,MEC--12---,unassigned,MLST-12---,MPH--12---,MCLC-12--L
1133,unassigned,MPH--12---,ACAL-12---,MFOOD12---,unassigned,AELC-12---,MIMJB12--L,MCLC-12--L
1134,MENST12---,unassigned,APHM-12---,MCH--12---,MCALC12---,MENR-12---,MPREC12---,MCLC-12--L
1135,unassigned,unassigned,MCMPR11AI-,MFOOD12---,MTEAD12---,MENST12---,MWWK-12---,MCLC-12--L
1136,MENFP12---,unassigned,unassigned,MEC--12---,MVAPH12---,MATPH12---,MPREC12---,MCLC-12--L
1137,MCALC12---,MLST-12---,MACC-12---,MENFP12---,MEC--12---,YLRA-2AX-L,MECOM12---,MCLC-12--L
1138,MSJ--12---,MCH--12---,MCALC12---,MLST-12---,unassigned,MENST12---,MPH--11---,MCLC-12--L
1139,MCALC12---,MCH--12---,APHM-12---,MENR-12---,unassigned,AELC-12---,MPREC12H--,MCLC-12--L
1140,MFOOD12---,unassigned,MACLV12---,MENFP12---,unassigned,YHRA-2AX--,MIMJB12--L,MCLC-12--L
1141,MSP--12---,unassigned,ACAL-12---,MENST12C--,MEC--12---,YCPA-2AXE-,MPREC12---,MCLC-12--L
1142,MENFP12---,MAC--11---,MPREC12---,MECOM12---,MPREC11---,unassigned,MACC-12---,MATPH12---
1143,MENST12---,unassigned,MFOOD12---,MTEAD12---,unassigned,MACLV12---,unassigned,MCLC-12--L
1144,MTDRF12---,MPH--12---,ACAL-12---,MENR-12---,unassigned,MENFP12---,MCH--12---,MCLC-12--L
1145,unassigned,MPH--12---,MATPH12---,unassigned,MCALC12---,MENFP12---,MCH--11---,MCH--12---
1146,MENFP12---,MEVSC11---,MDRM-12---,MFOOD12---,MDNCM12--L,MDNC-12--L,MDCF-12---,MCLC-12--L
1147,unassigned,MTXT-12---,MENST12---,MATPH12---,MEVSC12C--,MCMCL12---,MWH--12---,MCLC-12--L
1148,MSJ--12---,MDNCN12---,MCALC12---,MENFP12---,MDNCM12--L,MDNC-12--L,MPREC12---,MCH--12---
1149,MFOOD12---,unassigned,MENST12---,MATPH12---,unassigned,YED--2FX-L,MCH--12---,MCLC-12--L
1150,MFOOD12---,MCH--12---,MCALC12---,MCH--11---,unassigned,MLST-12---,MPREC12---,MCLC-12--L
1151,unassigned,unassigned,MATPH12---,MENFP12---,MCLC-12---,unassigned,MACLV12G--,MBSP-11---
1152,MENFP12---,MLST-12---,MTAUT12---,MPREC12---,YLAW-2CX--,YED--2CX--,unassigned,MATPH12---
1153,MENST12---,unassigned,MPREC12---,MEC--12---,MEVSC12C--,YLRA-2AX-L,unassigned,MCLC-12--L
1154,unassigned,unassigned,MPREC12---,MENST12---,MCALC12---,MWH--12---,MACC-12---,MCLC-12--L
1155,MDNTP12---,unassigned,YPSYC1AX--,MENFP12---,MDNCM12--L,MDNC-12--L,YLAW-2CX--,MCLC-12--L
1156,MSJ--12---,MLST-12---,MFOOD12---,MENST12---,MDNCM12--L,MCMCL12---,MDCF-12---,MCLC-12--L
1157,MCALC12---,MCH--12---,MPREC12---,MLTST12---,unassigned,AELC-12---,MPH--12---,MCLC-12--L
1158,MSJ--12---,unassigned,MMEDD12---,MLTST12---,unassigned,AELC-12---,MIMJB12--L,MCLC-12--L
1159,MDMD-12D--,MWPM-11---,MDRM-12---,MFOOD12---,unassigned,MENFP12---,unassigned,unassigned
1160,MENFP12---,unassigned,MPH--11---,MCH--12---,unassigned,MATPH12---,MPREC12---,MCLC-12--L
1161,MENFP12---,MLFSC11---,MCLE-10---,MFOM-11---,MCMPS11---,MACLV12---,MEPSS11---,MCLC-12--L
1162,MENST12---,MENT-12---,MACLV12---,MECOM12---,unassigned,MCMCL12---,MPREC12---,MCLC-12--L
1163,MCALC12---,unassigned,MCH--12---,MENST12---,unassigned,MATPH12---,MPREC12---,MCLC-12--L
1164,unassigned,MENST12C--,MCH--12---,MEC--12---,MCALC12---,MENR-12---,MMUOR12S-L,MCLC-12--L
1165,MSJ--12---,unassigned,MFOOD12---,unassigned,MCLC-12---,MENFP12---,unassigned,unassigned
1166,MMACS11---,MODED12---,ACAL-12---,MCH--12---,MTDRF12---,MENST12---,unassigned,MCLC-12--L
1167,MFOOD12---,MWEX-2A--L,MACLV12---,unassigned,YED--2CX--,MENST12---,MWEX-2B--L,MCLC-12--L
1168,MENST12---,MCH--12---,MCALC12---,MFOOD12---,unassigned,MPH--12---,MPREC12---,MCLC-12--L
1169,MDMD-12D--,MCH--12---,APHM-12---,unassigned,MMACS12---,MENFP12---,MACC-12---,MCLC-12--L
1170,MENST12---,unassigned,MTROB12---,unassigned,MTDRF12---,MENR-12---,MCH--12---,MCLC-12--L
1171,MENST12---,unassigned,MCMPS11---,MLFSC11---,MINST12---,YED--2CX--,MCMCC12--L,MCH--11---
1172,unassigned,MTXT-12---,MCALC12---,MLTST12---,MEVSC12C--,AELC-12---,MPH--11---,MCH--12---
1173,MCALC12---,unassigned,MPREC12---,MENFP12---,MAC--11---,MACLV12---,MPH--12---,MCH--12---
1174,MSJ--12---,unassigned,MENST12---,MPREC12---,MCALC12---,MPH--11---,MENR-12---,MPH--12---
1175,MVAST12---,unassigned,MENST12---,unassigned,unassigned,MWH--12---,unassigned,MVAPH11---
1176,unassigned,MLST-12---,MPREC12---,MENFP12---,MCALC12---,MATPH12---,MCH--12---,MCLC-12--L
1177,MENST12---,MCH--12---,unassigned,MLST-12---,MEC--12---,MCMCL12---,MPREC12---,MCLC-12--L
1178,MCALC12---,MCH--12---,MPREC12---,MENST12---,unassigned,MATPH12---,MPH--12---,MCLC-12--L
1179,MDNTP12---,unassigned,MFOOD12---,MEC--12---,MDNCM12--L,MCMCL12---,unassigned,MCLC-12--L
1180,MSP--12---,unassigned,unassigned,MPREC12---,unassigned,MENST12---,unassigned,MPH--12---
1181,MFOM-11---,unassigned,MDRM-12---,unassigned,MEVSC11---,MENST12---,MVAST12---,MCLC-12--L
1182,MENST12---,unassigned,MCALC12---,MCH--12---,unassigned,MPH--11---,MPREC12---,MCLC-12--L
1183,MENST12---,MDNCN12---,MCALC12---,MCH--12---,MDNCM12--L,MDNC-12--L,MCMCC12--L,MCLC-12--L
1184,MEPSS11---,unassigned,MTAUT12---,MENST12---,MEVSC11---,YHRA-2AX--,unassigned,MCLC-12--L
1185,MPREC11---,unassigned,unassigned,MDCF-11---,unassigned,MFOOD11---,unassigned,MCMPS11---
1186,MFOOD12---,unassigned,MDRM-12---,MPREC12---,MEVSC12C--,MENFP12---,MPH--11---,MCLC-12--L
1187,MENFP12---,MIMG-12---,MFOOD12---,unassigned,MCLC-12---,unassigned,MEPSS11---,unassigned
1188,MCALC12---,MLST-12---,MCH--12---,MPREC12---,unassigned,MENFP12---,MPH--12---,MCLC-12--L
1189,YPSYC1AX--,MLST-12---,MCH--12---,MENST12---,MTEAD12---,MTAUT12---,MPREC12---,MCLC-12--L
1190,MFOOD12---,unassigned,MENST12---,MPREC12---,MEVSC12C--,MACLV12---,MWH--12---,MATPH12---
1191,MENFP12---,MEVSC11---,MCLE-10---,MLST-12---,unassigned,MTAUT12---,MIMJB12--L,MCLC-12--L
1192,MENST12---,unassigned,MDRM-12---,MFOOD12---,unassigned,MVAST12---,unassigned,MBSP-11---
1193,MENST12---,MCH--12---,MATPH12---,MFOOD12---,MCALC12---,YED--2FX-L,MPH--11---,MCLC-12--L
1194,unassigned,unassigned,MENST12---,MATPH12---,MENR-12---,unassigned,unassigned,MPREC12---
1195,MSJ--12---,MDNCN12---,unassigned,MENFP12--Y,YLAW-2CX--,MCMCL12---,MPREC12---,MCLC-12--L
1196,YESFL1CX--,MLST-12---,MMEDD12---,MENFP12--Y,MCMPR12AI-,MPH--12---,MENR-12---,MCLC-12--L
1197,MDNTP12---,MCH--12---,MFOOD12---,MATPH12---,MCALC12---,MDNC-12--L,MPH--12---,MCLC-12--L
1198,MENST12---,MDNCN12---,MATPH12---,unassigned,MDNCM12--L,MDNC-12--L,YPA--2CX--,MCLC-12--L
1199,MENFP12---,unassigned,MPREC12---,MECOM12---,MEC--12---,MTAUT12---,MCH--12---,MCLC-12--L
1200,unassigned,MCH--12---,ASTA-12---,unassigned,unassigned,MENST12---,MACC-12---,MBSP-11---
1201,unassigned,MPH--12---,MACLV12---,MCH--11---,unassigned,MENFP12---,MPREC12---,MATPH12---
1202,unassigned,MTXT-12---,MENST12---,MPREC12---,MCH--11---,MATPH12---,MBSP-11---,MCH--12---
1203,MENST12---,MLST-12---,MDRM-12---,MFOM-11---,unassigned,MCMCL12---,MWH--12---,MCLC-12--L
1204,MFOOD12---,MODED12---,MPREC12---,MENFP12---,unassigned,MATPH12---,MIMJB12--L,MCH--12---
1205,MCALC12---,unassigned,MCMPR11AI-,MENFP12---,MENR-12---,MPH--12---,MMACS12---,MCLC-12--L
1206,MCALC12---,ACSC-2A---,APHM-12---,MENST12C--,MEC--12---,MATPH12---,MCH--12---,MCLC-12--L
1207,MDNTP12---,MLST-12---,unassigned,MENST12---,YLAW-2CX--,MCMCL12---,MPREC12H--,MCLC-12--L
1208,MTDRF12---,MCH--12---,ACAL-12---,MEC--12---,unassigned,MLST-12---,MMUOR12S-L,MCLC-12--L
1209,unassigned,unassigned,MCALC12---,MCH--12---,unassigned,AELC-12---,MCMCC12--L,MATPH12---
1210,unassigned,MENT-12---,MPREC12---,MENFP12---,MDNCM12--L,MDNC-12--L,MACLV12G--,MBSP-11---
1211,MMACS12---,MENST12C--,MCALC12---,MCH--12---,MENR-12---,MATPH12---,MPH--12---,MCLC-12--L
1212,MFOM-11---,unassigned,MACLV12---,MFOOD12---,unassigned,MENFP12---,YLAW-2CX--,MCLC-12--L
1213,MENFP12---,MPH--12---,MCH--12---,MCH--11---,MCALC12---,MENR-12---,unassigned,MCLC-12--L
1214,unassigned,MCH--12---,MATPH12---,MLST-12---,MCALC12---,AELC-12---,MIMJB12--L,MCLC-12--L
1215,MENFP12---,unassigned,MCH--12---,MATPH12---,unassigned,MENST12---,unassigned,MCLC-12--L
1216,unassigned,MPH--12---,ACAL-12---,unassigned,MAC--11---,MENST12---,MCH--12---,MCLC-12--L
1217,MCALC12---,unassigned,APHM-12---,MENST12---,unassigned,MTROB12--L,MPREC12---,MCH--12---
1218,YPSYC1AX--,MODED12---,unassigned,MLFSC11---,unassigned,MFR--12---,unassigned,unassigned
1219,MSP--12---,MCH--12---,YPSYC1AX--,MATPH12---,unassigned,AELC-12---,MPREC12---,MCLC-12--L
1220,MCALC12---,MCH--12---,MATPH12---,MFOOD12---,unassigned,MENFP12---,MCMCC12--L,MCLC-12--L
1221,MFOOD12---,MTXT-12---,ACAL-12---,MENST12C--,MTDRF12---,MPH--12---,MMUOR12S-L,MCH--12---
1222,MDMD-12D--,unassigned,APHM-12---,MENST12---,MCALC12---,MMEDD12---,MMUOR12S-L,MCH--11---
1223,MENST12---,unassigned,MCALC12---,MFOOD12---,unassigned,MATPH12---,MCH--12---,MCLC-12--L
1224,MENST12---,MCH--12---,MCALC12---,MPREC12---,MDNCM12--L,MDNC-12--L,MPH--12---,MATPH12---
1225,MDNTP12---,unassigned,MFOOD12---,MENFP12--Y,MDNCM12--L,MATPH12---,MVAST12---,MCLC-12--L
1226,unassigned,MPH--12---,ASTA-12---,MLFSC11---,MCALC12---,AELC-12---,MPREC12---,MCLC-12--L
1227,MPREC11---,unassigned,MENST12---,MLFSC11---,unassigned,MVAST12---,unassigned,unassigned
1228,YPSYC1AX--,MPH--12---,MCALC12---,MCH--12---,unassigned,AELC-12---,MPREC12H--,MCLC-12--L
1229,MENST12---,unassigned,MCH--12---,MPREC12---,unassigned,MATPH12---,MPH--12---,MCLC-12--L
1230,MFOOD12---,unassigned,MENST12---,MVAPH11---,unassigned,MLST-12---,YED--2CX--,MCLC-12--L
1231,MDNTP12---,MTXT-12---,MCH--12---,MENST12---,MDNCM12--L,MCMCL12---,unassigned,MATPH12---
1232,MENST12---,unassigned,MFOOD12---,MFOM-11---,MCLC-12---,unassigned,unassigned,YED--2CX--
1233,MTDRF12---,unassigned,MPH--11---,MENFP12---,unassigned,MACLV12---,MPH--12---,MCLC-12--L
1234,MCALC12---,MPH--12---,MMACS11---,MCH--12---,unassigned,MENFP12---,MPREC12H--,MCLC-12--L
1235,MSJ--12---,MCH--12---,MDRM-12---,MLTST12---,YLAW-2CX--,AELC-12---,MPH--12---,MCLC-12--L
1236,MENST12---,MDNCN12---,unassigned,MPREC12---,MDNCM12--L,MATPH12---,unassigned,MCLC-12--L
1237,MCALC12---,MENST12C--,MPREC12---,MEC--12---,unassigned,MPH--12---,MCH--12---,MCLC-12--L
1238,MENST12---,unassigned,MCALC12---,unassigned,unassigned,MENR-12---,unassigned,MCH--12---
1239,MGRPR12--L,ACSC-2A---,ACAL-12---,MENST12C--,MAC--11---,YED--2DX-L,MPREC12H--,MCH--12---
1240,YLAW-2CX--,MAC--11---,MDRM-12---,MENFP12---,MEC--12---,MCMCL12---,MPREC12---,MCLC-12--L
1241,YPSYC1AX--,MCH--12---,MATPH12---,MLTST12---,MCALC12---,AELC-12---,MIMJB12--L,MCLC-12--L
1242,unassigned,MLST-12---,unassigned,unassigned,MCLC-12---,MENST12---,MWH--12---,MINST12---
1243,MENFP12---,MEPSS11---,MFOOD12---,unassigned,unassigned,MTAUT12---,MWWK-12---,MCLC-12--L
1244,MENFP12---,MCH--12---,ASTA-12---,MATPH12---,unassigned,MLST-12---,MPREC12H--,MCLC-12--L
1245,MFOOD12---,unassigned,MMEDD12---,MENFP12---,MCLE-10---,MACLV12---,MWWK-12---,MCLC-12--L
1246,MFOOD12---,MENT-12---,MACLV12---,MWPM-11---,unassigned,MENFP12---,MWEX-2B--L,MCLC-12--L
1247,YPSYC1AX--,MAC--11---,MTAUT12---,MLST-12---,MEC--12---,MENST12---,MPREC12---,MCLC-12--L
1248,YED--2CX--,MCMPS11---,MACLV12---,unassigned,unassigned,MENST12---,unassigned,MCLC-12--L
1249,MFOOD12---,MCLE-10---,MTAUT12---,MENFP12---,YED--2CX--,MACLV12---,MWWK-12---,MCLC-12--L
1250,YLAW-2CX--,MIMG-12---,MDRM-12---,MENFP12--Y,MEVSC12C--,YED--2FX-L,MCMCC12--L,MCLC-12--L
1251,MSJ--12---,MPH--12---,MPH--11---,MPREC12---,MEVSC12C--,MENFP12---,YED--2CX--,MCLC-12--L
1252,MFOOD12---,MODED12---,MENST12---,MATPH12---,unassigned,MTAUT12---,MCH--12---,MCLC-12--L
1253,unassigned,MCH--12---,unassigned,MENR-12---,MCALC12---,MPH--12---,MPREC12---,MCLC-12--L
1254,MDMD-12D--,unassigned,ACAL-12---,MCH--12---,MEC--12---,MENST12---,unassigned,MCLC-12--L
1255,MENFP12---,unassigned,unassigned,MFOM-11---,unassigned,unassigned,unassigned,unassigned
1256,MCALC12---,MENST12C--,MATPH12---,MCH--12---,MTDRF12---,MPH--12---,MPREC12---,MCLC-12--L
1257,unassigned,ACSC-2A---,ACAL-12---,MEC--12---,unassigned,MLST-12---,MCH--12---,MCLC-12--L
1258,MFOOD12---,MENST12C--,MCALC12---,MEC--12---,unassigned,MATPH12---,MPH--12---,MCLC-12--L
1259,unassigned,MCH--12---,ACAL-12---,MENST12C--,unassigned,YED--2DX-L,MPREC12H--,MCLC-12--L
1260,unassigned,MCH--12---,ACAL-12---,MLTST12---,unassigned,AELC-12---,MPH--11---,MATPH12---
1261,MSJ--12---,MPH--12---,MCALC12---,MENFP12--Y,MINST12---,MACLV12---,MPREC12---,MCLC-12--L
1262,MDMD-12D--,unassigned,MENST12---,MFOM-11---,MPREC11---,MATPH12---,MWH--12---,MCLC-12--L
1263,MCALC12---,unassigned,MCH--12---,MLTST12---,unassigned,AELC-12---,MIMJB12--L,MATPH12---
1264,unassigned,ACSC-2A---,ACAL-12---,MENST12C--,unassigned,MPH--12---,MPREC12H--,MCH--12---
1265,MENST12---,unassigned,MACLV12---,MFOOD12---,MINST12---,MTAUT12---,MPREC12---,MCLC-12--L
1266,MENFP12---,MODED12---,MCH--12---,MENR-12---,MCALC12---,MPH--12---,unassigned,MCLC-12--L
1267,MDMD-12D--,MLST-12---,MMEDD12---,MVAPH11---,MVAPH12---,MENFP12---,MVAST12---,MCLC-12--L
1268,MENST12---,unassigned,MPH--11---,unassigned,MCALC12---,MPH--12---,MECOM12---,MCLC-12--L
1269,MCALC12---,MPH--12---,MCH--12---,MENFP12--Y,MCH--11---,MATPH12---,MPREC12---,MCLC-12--L
1270,YESFL1CX--,MENT-12---,MCALC12---,MEC--12---,unassigned,MWH--12---,MPREC12---,MCLC-12--L
1271,MTDRF12---,unassigned,MACLV12---,MENFP12---,unassigned,MATPH12---,MPH--12---,MCH--12---
1272,unassigned,MCH--12---,ACAL-12---,MENST12C--,unassigned,MPH--11---,MPH--12---,MCLC-12--L
1273,MCALC12---,MPH--11---,MATPH12---,MCH--11---,unassigned,unassigned,MPREC12---,MCLC-12--L
1274,MFOM-11---,unassigned,YPSYC1AX--,MENST12---,unassigned,unassigned,YLAW-2CX--,unassigned
1275,MDNTP12---,MLST-12---,MLFSC11---,MENFP12---,MDNCM12--L,MCMCL12---,unassigned,MCLC-12--L
1276,MCMPS11---,MLST-12---,MPH--11---,MPREC11---,unassigned,MCMCL12---,YLAW-2CX--,MFOOD11---
1277,MMACS12---,MINST12C--,ASTA-12---,MPREC11---,MLTST11C--,MPH--11---,MCH--11---,MCLE-10---
1278,MSJ--12---,MCH--11---,MLFSC11---,unassigned,YLAW-2CX--,MCMPS11---,MPH--11---,MPREC11---
1279,MPREC11---,MPH--11---,MMACS11---,unassigned,MCLE-10--L,MCMPS11---,unassigned,MENR-11---
1280,MEPSS11---,MAC--11---,MPH--11---,MFR--10---,MCMPS11---,MENR-11---,unassigned,MCLE-10---
1281,MEPSS11---,MCH--11---,MLFSC11---,MFR--10---,MCMPS11---,MCLE-10---,MTXT-11---,MPREC11---
1282,MCMPS11---,MLST-12---,MTAUT11---,MLFSC11---,unassigned,MSP--11---,MCH--11---,MPREC11---
1283,MPREC11---,MCMPS11---,MPH--11---,MCH--11---,unassigned,MCLE-10---,MVAST11---,MINST12---
1284,MEPSS11---,unassigned,MFR--11---,MLFSC11---,MCH--11---,unassigned,MPH--11---,MCMPS11---
1285,MTXT-11---,MWEX-2A--L,MCMPS11---,MLST-12---,YLAW-2CX--,MEVSC11---,unassigned,MCLE-10---
1286,MPREC11---,MEPSS11---,unassigned,MLFSC11---,MMEDD11---,unassigned,unassigned,unassigned
1287,MPREC11---,MLTST11C--,ASTA-12---,unassigned,YLAW-2CX--,MPH--11---,MINST12C--,MCH--11---
1288,MPREC11---,MACLV11G--,MFR--11---,MDRM-11---,MCMPS11---,MEVSC11---,MEPSS11---,MFOOD11---
1289,MFOM-11---,MLFSC11---,unassigned,MCMPS11---,unassigned,unassigned,MEPSS11---,unassigned
1290,MFOM-11---,MEPSS11---,MCMPS11---,MLFSC11---,unassigned,unassigned,unassigned,unassigned
1291,MFOM-11---,MCLE-10---,MCMPS11---,MLST-12---,MEVSC11---,MIMG-11---,YLAW-2CX--,unassigned
1292,MPREC11---,MMEDD11---,YHRA-1AX--,MCMPS11---,unassigned,unassigned,unassigned,unassigned
1293,MPREC11---,MLTST11C--,ASTA-12---,MCH--11---,MEC--12---,MPH--11---,MINST12C--,unassigned
1294,MPREC11---,MLFSC11---,MPH--11---,MCH--11---,MCMPS11---,MCMCL12---,unassigned,unassigned
1295,YLAW-2CX--,MLST-12---,MCMPS11---,MPREC11---,MCLE-10--L,MPH--11---,MIMJB11--L,MCH--11---
1296,MACLV11FB-,MLFSC11---,YHRA-1AX--,MFOM-11---,MCLE-10--L,YED--1DX-L,unassigned,MCMPS11---
1297,MEPSS11---,MCMPS11---,MPREC12---,MENST12---,MCH--11---,MCMCL12---,unassigned,MPREC11---
1298,unassigned,MINST12C--,ASTA-12---,MCH--11---,MCLE-10---,unassigned,MPH--11---,MPREC12---
1299,MCMPS11---,unassigned,YPSYC1AX--,MPREC11---,unassigned,unassigned,MFR--11---,unassigned
1300,MEPSS11---,MPH--11---,MCLE-10---,MWPM-11---,MCMPS11---,unassigned,unassigned,MODED11---
1301,MPREC11---,MDNCM11--L,unassigned,MLST-12---,unassigned,MCMPS11---,MCH--11---,MDNC-11--L
1302,MPREC11---,MCH--11---,MCLE-10---,MLFSC11---,MLTST11C--,MPH--11---,MINST12C--,MMACS11---
1303,MACLV11FB-,MEVSC11---,MTAUT11---,MFOOD11---,MCLE-10---,MCMPS11---,unassigned,unassigned
1304,MACLV11FB-,MCLE-10---,YHRA-1AX--,MLST-12---,MCMPS11---,MEVSC11---,MFR--11---,unassigned
1305,MCMPS11---,MLFSC11---,unassigned,unassigned,YLAW-2CX--,unassigned,MMAP-11---,unassigned
1306,MTXT-11---,MCH--11---,MPH--11---,MPREC11---,MINST12---,unassigned,YLAW-2CX--,MCMPS11---
1307,MDNTP11---,MCMPS11---,MTXT-11---,MPREC11---,MMEDD11---,unassigned,MCH--11---,MCLE-10---
1308,MPREC11---,MFOOD11---,MPH--11---,MCH--11---,MLTST11C--,unassigned,MINST12C--,MMACS11---
1309,MPREC11---,MEPSS11---,MCMPS11---,unassigned,MAC--11---,unassigned,MMAP-11---,MCH--11---
1310,YED--1EX-L,MINST12C--,ASTA-12---,MLFSC11---,MCH--11---,MCLE-10---,MPH--11---,unassigned
1311,unassigned,MLFSC11---,MCMPS11---,MCH--11---,MAC--11---,MCLE-10---,MEPSS11---,MPREC11---
1312,MPREC11---,MLST-12---,MFR--11---,MCH--11---,MCMPS11---,unassigned,MPH--11---,MCLE-10---
1313,MMACS12---,MCLE-10---,ASTA-12---,MPREC11H--,MCH--11---,MPH--11---,MINST12C--,unassigned
1314,YLAW-2CX--,MPH--11---,ASTA-12---,MCMPS11---,unassigned,MLST-12---,MACLV11---,MPREC11---
1315,MPREC11---,MLFSC11---,MCMPR11AI-,MCMPS11---,unassigned,MLST-12---,MPH--11---,MCH--11---
1316,MACLV11FB-,MFOOD11---,YHRA-1AX--,MCH--11---,MCMPS11---,MWH--12---,MMAP-11---,MPREC11---
1317,MACLV11FB-,MEVSC11---,MCMPS11---,MFOOD11---,MCLE-10---,MLST-12---,unassigned,unassigned
1318,MPREC11---,MCMPS11---,MCLE-10---,unassigned,YLAW-2CX--,MLST-12---,MPH--11---,MVAPH11---
1319,YED--1EX-L,MLST-12---,MCLE-10---,MATPH12---,unassigned,MPH--11---,MCH--11---,MCMPS11---
1320,YLAW-2CX--,MEVSC11---,MCMPS11---,MWPM-11---,MCLE-10---,MFOOD11---,unassigned,MODED11---
1321,MCMPS11---,MCH--11---,MLFSC11---,MPREC11---,MCLE-10--L,MFOOD11---,MIMJB11--L,unassigned
1322,MPREC11---,MAC--11---,MPH--11---,MVAPH11---,MCMPS11---,MCMCL12---,unassigned,MCLE-10---
1323,YED--1EX-L,MCH--11---,MLFSC11---,MPREC11H--,MCMPS11---,MCLE-10---,MPH--11---,MPGEO12---
1324,MPREC11---,MCMCC11--L,MPH--11---,MLFSC11---,MCLE-10--L,unassigned,MCH--11---,YCPA-1AXE-
1325,MDNTP11---,MCLE-10---,MTXT-11---,MLFSC11---,YLAW-2CX--,MCMPS11---,MEPSS11---,MDNC-11--L
1326,MEPSS11---,MACLV11---,unassigned,MLST-12---,MEVSC11---,MCMPS11---,YLAW-2CX--,MPREC11---
1327,MCMPS11---,unassigned,MPH--11---,MCH--11---,MCLE-10--L,MCMCL12---,MIMJB11--L,MPREC11---
1328,unassigned,MCLE-10---,MCMPS11---,MFOOD11---,MEVSC11---,MLST-12---,YED--1DX--,MVAPH11---
1329,MSJ--12---,MCMPS11---,YPSYC1AX--,MLST-12---,MPREC11---,unassigned,YLAW-2CX--,MCH--11---
1330,MSC--10---,MFOOD11---,MSS--10---,MPHED10---,unassigned,MIMG-11---,MEFWR10---,MTXT-12---
1331,MPREC11---,MEVSC11---,unassigned,MLFSC11---,MCH--11---,MCLE-10---,unassigned,MCMPS11---
1332,MPREC11---,MAC--11---,MPH--11---,MCH--11---,MLTST11C--,MGRPR11--L,MCH--12---,MCLE-10---
1333,YPSYC1AX--,MACLV11G--,MCMPS11---,MLFSC11---,unassigned,unassigned,unassigned,unassigned
1334,MPREC11---,MCMCC11--L,MCMPS11---,MCH--11---,MCLE-10--L,MSP--11---,unassigned,YCPA-1AXE-
1335,MPREC11---,MLST-12---,MPH--11---,MCMPS11---,MCH--11---,MSP--11---,unassigned,unassigned
1336,MPREC11---,MFOOD11---,MPH--11---,MATPH12---,MCLE-10---,MLST-12---,YED--1DX--,MCMPS11---
1337,MACLV11FB-,MEPSS11---,MCLE-10---,MWPM-11---,MCMPS11---,MEVSC11---,MBSP-11---,unassigned
1338,YLAW-2CX--,MEPSS11---,MLFSC11---,MPREC11---,MCMPS11---,unassigned,MPH--11---,MCH--11---
1339,MPREC11---,MLST-12---,MCLE-10---,MCMPS11---,MMACS12---,unassigned,MPH--11---,MTDRF11---
1340,MACLV11FB-,MCMPS11---,YHRA-1AX--,MLST-12---,MCLE-10---,MEVSC11---,unassigned,MFOOD11---
1341,MEPSS11---,MPH--11---,MCMPS11---,unassigned,MPREC11---,MACLV12---,MWH--12---,MCLE-10---
1342,MCMPS11---,unassigned,YED--1DX--,MFOM-11---,MEVSC11---,MVAST11---,MEPSS11---,MTXT-11---
1343,MFOM-11---,unassigned,unassigned,MDCF-11---,unassigned,MCMPS11---,MBSP-11---,unassigned
1344,unassigned,MACLV11G--,unassigned,unassigned,MCMPS11---,MVAST11---,unassigned,MTXT-11---
1345,MMACS12---,MINST12C--,unassigned,MCH--11---,MLTST11C--,MCLE-10---,MPH--11---,MPREC11---
1346,YLAW-2CX--,MCLE-10---,MPH--11---,MPREC11H--,MCMPS11---,MCMCL12---,MCH--11---,unassigned
1347,MFOM-11---,MLFSC11---,unassigned,unassigned,unassigned,MCMPS11---,MEPSS11---,unassigned
1348,MCMPS11---,MLFSC11---,unassigned,MFOM-11---,unassigned,unassigned,MTXT-11---,unassigned
1349,YPSYC1AX--,MCH--11---,MATPH12---,MCMPS11---,MPREC11---,MCLE-10---,unassigned,MFOOD11---
1350,YLAW-2CX--,MCH--11---,MCMPS11---,MFOOD11---,MPREC11---,MCMCL12---,MPH--11---,MCLE-10---
1351,YPSYC1AX--,MCLE-10---,MPH--11---,MPREC11---,MCMPS11---,MATPH12---,MCH--11---,MINST12---
1352,MEPSS11---,MCMPS11---,MLFSC11---,MFOM-11---,unassigned,unassigned,unassigned,unassigned
1353,MFOM-11---,MDNCM11--L,YPSYC1AX--,MLFSC11---,MCLE-10---,MSP--11---,MINST12C--,MDNC-11--L
1354,YLAW-2CX--,MLFSC11---,MCLE-10---,MWPM-11---,unassigned,MFOOD11---,MTXT-11---,MCMPS11---
1355,MPREC11---,MCMCC11--L,MCMPS11---,MLFSC11---,MCLE-10--L,MWH--12---,YLAW-2CX--,YCPA-1AXE-
1356,unassigned,MACLV11G--,unassigned,unassigned,unassigned,MVAST11---,MMAP-11---,MTXT-11---
1357,unassigned,MINST12C--,ASTA-12---,MPREC11H--,MCLE-10--L,MPH--11---,MACC-12---,unassigned
1358,MMACS12---,MINST12C--,ASTA-12---,MCH--11---,MEC--12---,unassigned,MPH--11---,unassigned
1359,unassigned,MCMPS11---,MCLE-10---,MLFSC11---,unassigned,MATPH12---,MPH--11---,MCH--11---
1360,YLAW-2CX--,MEPSS11---,MCMPS11---,MWPM-11---,MCLE-10---,MEVSC11---,unassigned,YED--1DX--
1361,MDMD-12D--,unassigned,unassigned,MDRM-11---,unassigned,unassigned,MMAP-11---,MVAPH11---
1362,MMACS11---,MLST-12---,MCMPR11AI-,MPREC12---,MCH--11---,MFOOD11---,MPH--11---,MCMPS11---
1363,MSC--10---,MACLV11---,YED--1DX--,MWPM-11---,MCMPS11---,MEVSC11---,MWH--12---,MCLE-10---
1364,MPREC11---,MINST12C--,MPH--11---,MCH--11---,MCLE-10--L,unassigned,MIMJB11--L,MENR-11---
1365,MPREC11---,MLFSC11---,YPSYC1AX--,MDRM-11---,MLTST11C--,unassigned,MINST12C--,MVAPH11---
1366,YPSYC1AX--,MACLV11G--,MCMPS11---,MCH--11---,MAC--11---,MCMCL12---,unassigned,MPREC12---
1367,unassigned,unassigned,unassigned,MCMPS11---,unassigned,MVAST11---,MSP--11---,MVAPH11---
1368,MCMPS11---,MCLE-10---,MLFSC11---,MFOM-11---,MEVSC11---,unassigned,MFR--09---,MFOOD11---
1369,MPREC11---,MEPSS11---,unassigned,MFOOD11---,MCMPS11---,MCLE-10---,MACLV11---,unassigned
1370,MTXT-11---,unassigned,MFR--11---,unassigned,MAC--11---,MCMPS11---,unassigned,unassigned
1371,MTDRF11---,MEVSC11---,unassigned,MDRM-11---,MPREC11---,MCMPS11---,MACLV11---,MENR-11---
1372,MCMPS11---,MLST-12---,MTDRF11---,MPREC11H--,MCH--11---,MCLE-10---,MSP--11---,unassigned
1373,unassigned,MACLV11---,MPH--11---,MFOOD11---,MCMPS11---,unassigned,MPREC12---,MCH--11---
1374,unassigned,MCH--12---,MCMPS11---,MCH--11---,unassigned,MCMCL12---,MPH--11---,MATPH12---
1375,unassigned,MACLV11G--,MLFSC11---,MCMPS11---,MEVSC11---,unassigned,unassigned,unassigned
1376,unassigned,MCLE-10---,MPH--11---,MPREC11H--,MLTST11C--,MGRPR11--L,MCH--11---,MATPH12---
1377,MEPSS11---,MAC--11---,MPREC12---,MLFSC11---,MCMPS11---,unassigned,unassigned,MCLE-10---
1378,unassigned,MCH--11---,MPH--11---,MLFSC11---,MPREC11---,MLST-12---,MMAP-11---,MCMPS11---
1379,unassigned,MMEDD11---,MCMPS11---,MPREC11---,MCLE-10---,MPH--11---,MEPSS11---,MVAST11---
1380,unassigned,MCMPS10---,MCLE-10---,MDRM-11---,MEVSC11---,unassigned,unassigned,MCMPS11---
1381,unassigned,MCH--11---,MCMPS11---,unassigned,MCLE-10--L,MATPH12---,MPH--11---,MPREC12---
1382,MPREC11---,MCMPS11---,MPH--11---,MLST-12---,MCLE-10--L,MIMG-11---,MIMJB11--L,unassigned
1383,MPREC11---,MCMPS11---,MCLE-10---,MLST-12---,unassigned,MSP--11---,MPH--11---,unassigned
1384,unassigned,MACLV11G--,MLFSC11---,MDRM-11---,MCMPS11---,MSP--11---,MEPSS11---,MFOOD11---
1385,MPREC11---,MACLV11---,MPH--11---,MCMPS11---,MCLE-10---,unassigned,MCH--11---,MMACS11---
1386,MEPSS11---,unassigned,MCMPS11---,MPREC11---,unassigned,unassigned,MACLV11---,unassigned
1387,MFOM-11---,MEPSS11---,unassigned,MLFSC11---,MCMPS11---,unassigned,unassigned,unassigned
1388,MCMPS11---,MEPSS11---,MPH--11---,MCH--12---,unassigned,MIMG-11---,MTXT-11---,MPREC11---
1389,unassigned,MLFSC11---,MTAUT11---,MCH--11---,MCLE-10--L,MCMPS11---,MIMJB11--L,MPREC11---
1390,MENST12---,MEVSC11---,MTAUT11---,MVAPH11---,YED--1DX--,MLST-12---,MACLV11---,unassigned
1391,MDNTP11---,MDNCM11--L,MTXT-11---,YED--1DX--,MEVSC11---,MCMPS11---,MSP--11---,MCLE-10---
1392,MCMPS11---,MPH--11---,MPREC12---,MENR-11---,MCLE-10--L,unassigned,unassigned,MCH--11---
1393,YLAW-2CX--,MAC--11---,unassigned,MLST-12---,MCMPS11---,MCLE-10---,unassigned,MPREC12---
1394,unassigned,MLFSC11---,ASTA-12---,unassigned,MCH--11---,MLST-12---,MINST12C--,YCPA-1AXE-
1395,MFOM-11---,MCLE-10---,MCMPS11---,MVAPH11---,unassigned,MEVSC11---,MTXT-11---,MINST12---
1396,MFOM-11---,MCLE-10---,MTAUT11---,MCH--11---,MCMPS11---,MWH--12---,MFR--11---,unassigned
1397,MPREC11---,MLFSC11---,YPSYC1AX--,MCMPS11---,unassigned,unassigned,unassigned,unassigned
1398,unassigned,MACLV11---,MCMPS11---,MWPM-11---,unassigned,MEVSC11---,MSP--11---,MFOOD11---
1399,MPREC11---,MCMPS11---,YPSYC1AX--,MCH--11---,unassigned,MEVSC11---,MPH--11---,MODED11---
1400,MACLV11FB-,unassigned,YHRA-1AX--,MENR-11---,MPREC11---,unassigned,MEPSS11---,MCMPS11---
1401,unassigned,MLFSC11---,unassigned,MPREC11---,MAC--11---,MLST-12---,unassigned,MCMPS11---
1402,MPREC11---,MCMPS11---,unassigned,unassigned,unassigned,MFOOD11---,MSP--11---,unassigned
1403,unassigned,MACLV11---,unassigned,MENFP12--Y,MEVSC11---,MCLE-10---,unassigned,MSC--10---
1404,MACLV11FB-,MEVSC11---,MCMPS11---,MLST-12---,unassigned,MFOOD11---,unassigned,MVAPH11---
1405,MEPSS11---,MLFSC11---,unassigned,MCMPS11---,unassigned,unassigned,unassigned,unassigned
1406,MCMPS11---,MDNCM11--L,MACC-12---,MPREC11---,MCH--11---,unassigned,unassigned,MDNC-11--L
1407,MMACS12---,MINST12C--,MPH--11---,MPREC11---,MCLE-10--L,unassigned,MIMJB11--L,MCH--11---
1408,MPREC11---,MINST12C--,unassigned,MCH--11---,MLTST11C--,MATPH12---,MPH--11---,MCLE-10---
1409,unassigned,ACSC-2A---,MFR--11---,MPREC11H--,MCLE-10---,MPH--11---,MCH--11---,unassigned
1410,MEPSS11---,MMEDD11---,MCLE-10---,MPREC11H--,MCMPS11---,MPH--11---,MVAST11---,MTXT-11---
1411,MTDRF11---,MCH--11---,MCMPS11---,MPREC11H--,MCLE-10--L,MPH--11---,MEPSS11---,unassigned
1412,YPSYC1AX--,MLFSC11---,unassigned,unassigned,MCMPS11---,unassigned,MFR--11---,unassigned
1413,MTXT-11---,MLFSC11---,MCMPS10---,MFOM-11---,unassigned,unassigned,unassigned,unassigned
1414,MPREC11---,MCH--11---,unassigned,unassigned,MINST12---,MCMPS11---,MTROB11---,MENR-11---
1415,YESFL0AX--,MCMPS10---,MCLE-10---,MSS--10---,MPREC11---,MPH--11---,MACLV11---,MVAST11---
1416,MPREC11---,MLST-12---,MATPH12---,MEC--12---,MCLE-10---,MCMPS11---,MMACS12---,unassigned
1417,MPREC11---,MFOOD11---,unassigned,MCH--11---,MCMPS11---,MSP--11---,MACLV11---,MCLE-10---
1418,unassigned,MEPSS11---,MCMPS11---,MLFSC11---,unassigned,unassigned,unassigned,MPREC11---
1419,YLAW-2CX--,MLFSC11---,YPSYC1AX--,MFOM-11---,MCMPS11---,YED--1DX--,unassigned,MINST12---
1420,unassigned,MINST12C--,MPH--11---,MLST-12---,MCLE-10--L,unassigned,MCH--11---,unassigned
1421,MCMPS11---,MEVSC11---,unassigned,MFOOD11---,MCLE-10--L,YED--1DX-L,unassigned,MINST12---
1422,MDNTP11---,MDNCM11--L,MLFSC11---,MCMPS11---,unassigned,MCLE-10---,unassigned,MCH--11---
1423,MFOM-11---,MACLV11G--,MCMPS11---,MDRM-11---,unassigned,unassigned,MEPSS11---,unassigned
1424,MEPSS11---,MACLV11---,unassigned,MFOM-11---,MAC--11---,MIMG-11---,MMAP-11---,MCMPS11---
1425,YLAW-2CX--,MCMPS11---,MTXT-11---,unassigned,unassigned,unassigned,MFR--11---,unassigned
1426,unassigned,MCMPS11---,MTXT-11---,MDCF-11---,MCLE-10--L,MFOOD11---,unassigned,MPREC11---
1427,unassigned,MACLV11G--,MLFSC11---,MDRM-11---,unassigned,unassigned,unassigned,MCMPS11---
1428,unassigned,MEPSS11---,MCMPS11---,MFOM-11---,unassigned,unassigned,unassigned,unassigned
1429,MEPSS11---,MACLV11---,unassigned,MCMPS11---,MMEDD11---,unassigned,MPH--11---,MPREC11---
1430,MCMPS11---,MLST-12---,MFR--11---,MPREC11---,MCH--11---,unassigned,YLAW-2CX--,unassigned
1431,unassigned,MACLV11G--,unassigned,MFOOD11---,YLAW-2CX--,unassigned,unassigned,MVAPH11---
1432,MPREC11---,MEVSC11---,YPSYC1AX--,MFMP-10---,MCMPS11---,unassigned,YLAW-2CX--,YED--1DX--
1433,unassigned,MEVSC11---,MPH--11---,MCH--11---,MLTST11C--,unassigned,MINST12C--,MODED11---
1434,MMACS12---,MCLE-10---,ASTA-12---,MCH--11---,MLTST11C--,MPH--11---,MINST12C--,unassigned
1435,MPREC11---,MFOOD11---,MCMPS11---,unassigned,MMEDD11---,unassigned,MMAP-11---,MENR-11---
1436,MMACS12---,MLTST11C--,ASTA-12---,MPREC11---,MCH--11---,MPH--11---,MINST12C--,MSP--12---
1437,MEPSS11---,MCLE-10---,MLFSC11---,MFOM-11---,MCMPS11---,unassigned,MACLV11---,MFOOD11---
1438,MFOM-11---,MEPSS11---,unassigned,MLFSC11---,MCMPS11---,MCLE-10---,MMAP-11---,MFOOD11---
1439,unassigned,MLST-12---,MPREC12---,MATPH12---,MCLE-10---,MCMPS11---,MACLV11---,MCH--11---
1440,unassigned,MEPSS11---,MPH--11---,MPREC11H--,MEVSC11---,MCMPS11---,MCH--11---,MCLE-10---
1441,MSJ--12---,MLST-12---,MCMPS11---,MCH--11---,MPREC11---,unassigned,MPH--11---,unassigned
1442,MTXT-11---,unassigned,unassigned,MLFSC11---,MCMPS11---,unassigned,unassigned,MVAPH11---
1443,MPREC11---,MCH--11---,MLFSC11---,MATPH12---,MLTST11C--,MPH--11---,MINST12C--,unassigned
1444,MCMPS11---,MLFSC11---,unassigned,MFOM-11---,unassigned,unassigned,MEPSS11---,unassigned
1445,MFOM-11---,MLFSC11---,unassigned,MCMPS11---,unassigned,unassigned,MEPSS11---,unassigned
1446,MTXT-11---,MFOOD11---,MCLE-10---,MLFSC11---,unassigned,unassigned,MEPSS11---,MCMPS11---
1447,YLAW-2CX--,MCMPS11---,MCLE-10---,MLST-12---,MPREC11---,MEVSC11---,unassigned,unassigned
1448,MPREC11---,MAC--11---,MCMPS11---,MLFSC11---,unassigned,MENR-11---,MVAST11---,MCLE-10---
1449,MFOM-11---,MEPSS11---,MCMPS11---,MLFSC11---,unassigned,unassigned,unassigned,unassigned
1450,MPREC11---,MCH--11---,unassigned,unassigned,MCLE-10---,MLST-12---,MSP--11---,MCMPS11---
1451,MPREC11---,MCMPS11---,MATPH12---,MLFSC11---,YLRA-1AX-L,MCLE-10---,MSP--11---,MPGEO12---
1452,MENFP12---,MACLV11---,unassigned,MCH--11---,MPREC11---,MCMCL12---,MPH--11---,unassigned
1453,MPREC11---,MCLE-10---,MMACS11---,MLFSC11---,MLTST11C--,MPH--11---,MCH--11---,unassigned
1454,MACLV11FB-,MCLE-10---,YHRA-1AX--,MCMPS11---,MMACS12---,MEVSC11---,unassigned,unassigned
1455,MCMPS11---,MLST-12---,MPH--11---,MPREC11---,MCLE-10--L,unassigned,MIMJB11--L,MCH--11---
1456,YPSYC1AX--,unassigned,unassigned,unassigned,MCMPS11---,MATPH12---,MMAP-11---,unassigned
1457,MACLV11FB-,MEPSS11---,MCMPS11---,MWPM-11---,MEVSC11---,MCLE-10---,unassigned,MSP--12---
1458,MEPSS11---,MLFSC11---,unassigned,MFOM-11---,unassigned,MCMPS11---,unassigned,unassigned
1459,MPREC11---,MLST-12---,unassigned,MEC--12---,MCH--11---,MCMPS11---,MPH--11---,MCLE-10---
1460,MSJ--12---,MDNCM11--L,MCMPS11---,MDCF-11---,MCLE-10--L,MEVSC11---,unassigned,MDNC-11--L
1461,MEPSS11---,MACLV11---,MTAUT11---,MWWK-11---,MCMPS11---,unassigned,MPH--11---,MPREC11---
1462,YED--1EX-L,MLST-12---,YPSYC1AX--,MCH--11---,MCMPS11---,MATPH12---,MWH--12---,MPREC11---
1463,MCMPS11---,MDNCM11--L,MLFSC11---,MCH--11---,MCLE-10--L,unassigned,MIMJB11--L,MDNC-11--L
1464,MPREC11---,MFOOD11---,YPSYC1AX--,MCMPS11---,MCH--11---,MLST-12---,MBSP-11---,unassigned
1465,MDMD-12D--,MACLV11G--,MLFSC11---,MFOM-11---,MCMPS11---,unassigned,MEPSS11---,MVAPH11---
1466,unassigned,MACLV11G--,MFR--11---,unassigned,unassigned,unassigned,MEPSS11---,MCMPS11---
1467,MDMD-12D--,MCMPS11---,unassigned,unassigned,MPREC11---,MWH--12---,MACLV11---,MCH--11---
1468,MPREC11---,MLST-12---,MCMPS11---,unassigned,MCLE-10--L,MPH--11---,MCH--11---,unassigned
1469,unassigned,MLST-12---,MCMPS11---,MCH--11---,MCLE-10--L,unassigned,MPH--11---,MPH--12---
1470,MPREC11---,MCH--11---,MMACS11---,MLFSC11---,MCLE-10---,unassigned,MPH--11---,MCMPS11---
1471,MEPSS11---,MCH--11---,YPSYC1AX--,MLFSC11---,MCMPS11---,unassigned,MFR--11---,MODED11---
1472,MPREC11---,MCMPS11---,MPH--11---,MCH--11---,YLAW-2CX--,MFOOD11---,unassigned,MATPH12---
1473,MPREC11---,MAC--11---,MPH--11---,MCMPS11---,MMACS12---,MLST-12---,MCH--11---,MDNC-11--L
1474,MMACS11---,MINST12C--,MCLE-10---,MPREC11---,MAC--11---,unassigned,MACLV11---,MCH--11---
1475,MCMPS11---,MLFSC11---,unassigned,MLST-12---,MCH--11---,unassigned,MIMJB11--L,MPREC11---
1476,MDNTP11---,MCMCC11--L,MCMPS10---,MFOOD11---,MEVSC11---,MSS--10---,MTXT-11---,MPREC11---
1477,MFOM-11---,MEPSS11---,MTAUT11---,MLFSC11---,MCMPS11---,MEVSC11---,MSP--11---,unassigned
1478,YED--1EX-L,MINST12C--,ASTA-12---,MCH--11---,MLTST11C--,MPH--11---,MFR--11---,unassigned
1479,unassigned,MLFSC11---,MCMPS11---,unassigned,MPREC11---,MSP--11---,unassigned,unassigned
1480,unassigned,MLFSC11---,unassigned,MDRM-11---,unassigned,MCMPS11---,unassigned,MENR-11---
1481,unassigned,MEPSS11---,unassigned,MLFSC11---,unassigned,MCMPS11---,MMAP-11---,unassigned
1482,YLAW-2CX--,MLST-12---,MCLE-10---,unassigned,MCMPS11---,MPH--11---,MMAP-11---,MPREC12---
1483,MCMPS11---,MFOOD11---,MCMPR11AI-,MCH--11---,MCLE-10---,unassigned,MEPSS11---,MPREC11---
1484,unassigned,MINST12C--,ASTA-12---,MPREC11H--,MCH--11---,MGRPR11--L,MPH--11---,unassigned
1485,MPREC11---,YED--1DX-L,MCMPS11---,MVAPH11---,MCLE-10--L,unassigned,MCH--11---,MATPH12---
1486,MPREC11---,MCMPS11---,MLFSC11---,MCH--12---,unassigned,MCLE-10---,MPH--11---,MCH--11---
1487,MPREC11---,MLST-12---,MPH--11---,MCH--11---,MLTST11C--,MGRPR11--L,MINST12C--,MCLE-10---
1488,MFOM-11---,MEVSC11---,unassigned,MCMPS11---,unassigned,MFOOD11---,MVAST11---,MVAPH11---
1489,MPREC11---,MACLV11---,MLFSC11---,MFOOD11---,MCMPS11---,MLST-12---,unassigned,MCLE-10---
1490,unassigned,unassigned,unassigned,MDCF-11---,MMUOR11S-L,unassigned,unassigned,MCMPS11---
1491,MEPSS11---,MCH--11---,MCMPS11---,MLFSC11---,MMEDD11---,MCLE-10---,MPH--11---,MPREC11---
1492,YPSYC1AX--,MCMCC11--L,MCMPS11---,MDRM-11---,unassigned,unassigned,MMAP-11---,unassigned
1493,MEPSS11---,MACLV11---,MTAUT11---,MCH--11---,MCLE-10---,unassigned,unassigned,MCMPS11---
1494,unassigned,MCH--11---,MPH--11---,MPREC11---,MLTST11C--,MATPH12---,MCH--12---,MPREC12---
1495,MPREC11---,MFOOD11---,MPH--11---,MLFSC11---,MCMPS11---,unassigned,MEPSS11---,MCH--11---
1496,MACLV11FB-,MCLE-10---,MTAUT11---,MCMPS11---,MEVSC11---,unassigned,unassigned,MINST12---
1497,unassigned,MCLE-10---,MCMPS11---,MLFSC11---,MINST12---,MSP--11---,unassigned,unassigned
1498,MFOM-11---,MCMPS11---,unassigned,MLFSC11---,unassigned,unassigned,MEPSS11---,unassigned
1499,MMACS12---,MCLE-10---,ASTA-12---,MPREC11---,MLTST11C--,MPH--11---,MCH--11---,unassigned
1500,MCMPS11---,MCMCC11--L,MCLE-10---,MDRM-11---,MEVSC11---,unassigned,MEPSS11---,MDNC-11--L
1501,unassigned,MEPSS11---,MTAUT11---,MWPM-11---,MCMPS11---,MEVSC11---,YLAW-2CX--,MFOOD11---
1502,MPREC11---,MINST12C--,MCLE-10---,MLST-12---,MCH--11---,MPH--11---,MACLV11---,unassigned
1503,unassigned,MLTST11C--,MPH--11---,MCH--11---,MCLE-10---,MATPH12---,MINST12C--,MTDRF11---
1504,YPSYC1AX--,MEPSS11---,MPH--11---,MCH--11---,MPREC11---,MCMPS11---,YLAW-2CX--,MTXT-11---
1505,MCMPS11---,MEPSS11---,MLFSC11---,MFOM-11---,MCH--11---,MCLE-10---,MVAST11---,MFOOD11---
1506,unassigned,MINST12C--,unassigned,MLFSC11---,MCLE-10--L,unassigned,MCH--11---,MMACS11---
1507,unassigned,MCH--12---,MATPH12---,MPREC12---,MCALC12---,MPH--11---,MINST12C--,MCH--11---
1508,MPREC11---,MCH--11---,MPH--11---,MATPH12---,MLTST11C--,unassigned,MINST12C--,MCLE-10---
1509,MPREC11---,MACLV11G--,YPSYC1AX--,unassigned,MEVSC11---,MCMPS11---,unassigned,MINST12---
1510,MFOM-11---,MFOOD11---,MLFSC11---,MCH--11---,MCMPS11---,unassigned,unassigned,MCLE-10---
1511,MEPSS11---,MACLV11G--,MCMPS11---,MFOM-11---,MCLE-10--L,unassigned,unassigned,MODED11---
1512,MEPSS11---,MCMPS11---,MLFSC11---,MCH--11---,MPREC11---,MCLE-10---,MPH--11---,unassigned
1513,MPREC11---,MCH--11---,MPH--11---,unassigned,MCLE-10---,unassigned,MINST12C--,MVAST11---
1514,MACLV11FB-,MEPSS11---,MCLE-10---,MCMPS11---,unassigned,MEVSC11---,unassigned,MBSP-11---
1515,MSS--10---,MCLE-10---,MEFWR10---,MFOOD11---,MCMPS11---,MEVSC11---,unassigned,unassigned
1516,unassigned,MCMCC11--L,ASTA-12---,MDRM-11---,MLTST11C--,MPH--11---,MINST12C--,MCH--11---
1517,unassigned,MCLE-10---,ASTA-12---,MPREC11H--,MLTST11C--,MPH--11---,MCH--11---,MMACS11---
1518,YPSYC1AX--,MEVSC11---,MCLE-10---,MWPM-11---,YLAW-2CX--,MFOOD11---,MWH--12---,MCMPS11---
1519,MEPSS11---,MLFSC11---,MCMPS11---,MFOM-11---,unassigned,unassigned,unassigned,unassigned
1520,MFOM-11---,MLFSC11---,MCMPS11---,unassigned,unassigned,unassigned,MEPSS11---,unassigned
1521,MFOM-11---,MLFSC11---,MTXT-11---,unassigned,MCLE-10---,MSP--11---,YLAW-2CX--,MCMPS11---
1522,MMACS12---,ACSC-2A---,MPH--11---,MPREC11---,MCH--11---,MCLE-10---,MINST12C--,unassigned
1523,MMACS11---,MLST-12---,MPREC12---,MCH--11---,MCMPS11---,unassigned,MPH--11---,MBSP-11---
1524,MPREC11---,MLST-12---,MPH--11---,MCMPS11---,MAC--11---,MSP--11---,MIMJB11--L,unassigned
1525,MPREC11---,MCMPS11---,MPREC12---,MCH--11---,MCLE-10--L,unassigned,MPH--11---,MPGEO12---
1526,unassigned,MLST-12---,MCMPS11---,unassigned,MCH--11---,MPH--11---,MACLV11---,MPREC12---
1527,unassigned,MACLV11---,MPH--11---,MPREC11---,MCMPS11---,MFOOD11---,MCH--11---,MINST12---
1528,MCMPS11---,MDNCM11--L,unassigned,MLFSC11---,MPREC11---,MCLE-10---,unassigned,MCH--11---
1529,MPREC11---,MCH--11---,MACC-12---,MATPH12---,MINST12---,MCMPS11---,unassigned,unassigned
1530,MSJ--12---,MACLV11---,MLFSC11---,MCH--11---,unassigned,MCMPS11---,unassigned,MCLE-10---
1531,MMACS12---,ACSC-2A---,MPH--11---,MPREC11H--,MCLE-10--L,unassigned,MIMJB11--L,unassigned
1532,MCMPS11---,MEVSC11---,MACC-12---,MPREC11---,MEC--12---,MIMG-11---,unassigned,MCLE-10---
1533,MPREC11---,MFOOD11---,MCMPS11---,MCH--11---,MCLE-10---,MLST-12---,YLAW-2CX--,unassigned
1534,unassigned,MCH--11---,MPH--11---,MPREC11H--,MCLE-10--L,unassigned,MIMJB11--L,MTXT-11---
1535,unassigned,MLFSC11---,MCLE-10---,MFOM-11---,MCMPS11---,MVAST11---,unassigned,MFOOD11---
1536,unassigned,MINST12C--,ASTA-12---,MPREC11H--,MCLE-10--L,MGRPR11--L,MIMJB11--L,MCH--11---
1537,MMACS11---,MCLE-10---,MCMPR11AI-,MCMPS11---,MINST12---,MPH--11---,MCH--11---,MPREC12---
1538,unassigned,MCLE-10---,MACC-12---,MPREC12---,MCMPS11---,MPH--11---,MEPSS11---,MPREC11---
1539,YPSYC1AX--,unassigned,MFR--11---,unassigned,MPREC11---,unassigned,unassigned,MTDRF11---
1540,MFMP-10---,MAC--11---,MMACS11---,MSC--10---,MEFWR10---,unassigned,MSS--10---,MPHED10B--
1541,MDMD-12D--,MSC--10---,MFMP-10---,MSS--10---,MPHED10---,MEFWR10---,unassigned,MTEAR10---
1542,MSC--10---,unassigned,MFMP-10---,MSS--10---,MEFWR10---,MPHED10B--,MTEXP10---,MMACS11---
1543,MCMPS10C--,MAC--11---,MMACS11---,MFMP-10C--,MPHED10G--,unassigned,MWBDV10IT-,unassigned
1544,MFMP-10---,unassigned,MCMPS10---,MPHED10FB-,MSC--10---,unassigned,MSS--10---,unassigned
1545,MSS--10---,unassigned,MCMPS10---,MPHED10FB-,MSC--10---,MWBDV10IT-,unassigned,YED--0AX--
1546,MSC--10---,unassigned,MPHED10B--,MSS--10---,MEFWR10---,MFOOD10---,unassigned,unassigned
1547,MWBDV10IT-,MFR--09---,MFMP-10C--,MPHED10G--,MCMPS10C--,unassigned,MFR--10---,unassigned
1548,MTEXP10---,MSC--10---,MCMPR11AI-,MSS--10---,unassigned,MEFWR10---,MIDS-0C---,MMACS11---
1549,MFOOD10---,MSC--10---,MSS--10---,MFMP-10---,MEFWR10---,MMUCB10--L,unassigned,MPHED10--L
1550,MMACS11---,MFMP-10---,MEFWR10---,MSC--10---,unassigned,MMUCB10--L,MSS--10---,MPHED10--L
1551,MWBDV10IT-,MFMP-10---,MCMPS10---,MPHED10FB-,unassigned,MSS--10---,unassigned,MSC--10---
1552,MSC--10---,MTXT-10---,MCLE-10---,MFMP-10---,MPHED10G--,MSS--10---,unassigned,unassigned
1553,MFMP-10---,MDNC-10--L,MEFWR10---,MPHED10G--,MMUGT10---,MSS--10---,MDNCM10--L,MMACS11---
1554,MMACS11---,MSS--10C--,MFMP-10C--,MSC--10C--,MCMPS10C--,unassigned,MTDRF10---,MPHED10B--
1555,MDRM-10---,unassigned,MPHED10B--,MSC--10---,MMUGT10---,MSS--10---,MEFWR10---,MFOOD10---
1556,MSC--10---,unassigned,MFMP-10---,MPHED10G--,MSP--10---,MSS--10---,MEFWR10---,MFOOD10---
1557,MFOOD10---,MDNC-10--L,MFMP-10---,MADEM10---,MEFWR10---,MSS--10---,MDNCM10--L,MSC--10---
1558,MCMPS10C--,MSS--10C--,MMACS11---,MFMP-10C--,MSC--10C--,MMUCB10--L,unassigned,MPHED10--L
1559,MFMP-10---,unassigned,MCMPR11AI-,MSC--10---,MPHED10G--,MEFWR10---,MIDS-0C---,MFOOD10---
1560,MSC--10---,unassigned,MSS--10---,MFMP-10---,MEFWR10---,MFOOD10---,unassigned,MPHED10B--
1561,MCMPS10C--,MSS--10C--,MTEAR10---,MFMP-10C--,MPHED10---,MWBDV10IT-,unassigned,unassigned
1562,MSC--10---,MFMP-10---,MSS--10---,MPHED10FB-,MEFWR10---,MFOOD10---,unassigned,unassigned
1563,MSC--10---,MFMP-10---,MTXT-10---,MSS--10---,unassigned,MEFWR10---,MIDS-0C---,MPHED10--L
1564,MFOOD10---,unassigned,MTPOW10---,MFMP-10---,MEFWR10---,unassigned,MSS--10---,MSC--10---
1565,MFOOD10---,unassigned,MCMPS10---,MSS--10---,MSC--10---,MPHED10B--,unassigned,unassigned
1566,MCMPS10C--,MDNC-10--L,MFMP-10C--,MPHED10G--,MAC--11---,unassigned,MADEM10---,MCLE-10---
1567,MDMD-12D--,MCMPS10---,MSS--10---,MPHED10---,MAC--11---,MFMP-10H--,MFR--10---,MSC--10---
1568,unassigned,MAC--11---,MCMPR11AI-,MSS--10---,MSC--10---,MFMP-10H--,MEFWR10---,unassigned
1569,MDMD-12D--,MSC--10---,MCMPR11AI-,MFMP-10---,MCLE-10---,MSS--10---,MEFWR10---,YCPA-0AX-L
1570,MFMP-10---,MAC--11---,MCMPR11AI-,MSC--10---,MEFWR10---,MFOOD10---,MSS--10---,unassigned
1571,MFMP-10---,MSC--10---,MEFWR10---,MSS--10---,MPHED10---,YED--0AX--,unassigned,MFOOD10---
1572,MDMD-12D--,MSC--10---,MEFWR10---,MSS--10---,MPHED10G--,MFMP-10H--,unassigned,YCPA-0AX-L
1573,MSC--10---,MTEXP10---,MMACS11---,MSS--10---,MMUGT10---,MEFWR10---,unassigned,MPHED10B--
1574,MSC--10---,MDNC-10--L,MSS--10---,MPHED10G--,MEFWR10---,MTXT-10---,MDNCM10--L,MFOOD10---
1575,MSC--10---,MTEXP10---,MMACS11---,MSS--10---,MEFWR10---,MFMP-10H--,YED--0BX-L,MPHED10B--
1576,MFOOD10---,MTXT-10---,MFMP-10---,MMUCC10--L,MSC--10---,MEFWR10---,MSS--10---,MPHED10--L
1577,MSC--10---,MCMPS10---,MFMP-10---,MSS--10---,unassigned,MMUCB10--L,unassigned,MMUOR10S-L
1578,MSC--10---,MFMP-10---,MCMPS10---,MSS--10---,unassigned,unassigned,unassigned,unassigned
1579,MSC--10---,YED--0AX--,MCMPS10---,MSS--10---,MPHED10G--,MFOOD10---,unassigned,MTXT-10---
1580,MSC--10---,MFMP-10---,MEFWR10---,MSS--10---,YED--0AX-L,MFOOD10---,unassigned,MPHED10--L
1581,MSC--10---,MLFSC11---,MFMP-10---,MPHED10FB-,MEFWR10---,MCLE-10---,unassigned,unassigned
1582,MMACS11---,MSS--10C--,MFMP-10C--,MPHED10---,MCMPS10C--,MCLE-10---,YED--0BX-L,MMUOR10S-L
1583,MSC--10---,unassigned,MCMPS10---,MSS--10---,MFR--10---,MFMP-10H--,MTEXP10---,MPHED10--L
1584,MFMP-10---,MTEXP10---,MSS--10---,MSC--10---,MCLE-10---,YED--0AX--,MEFWR10---,MFOOD10---
1585,MSS--10---,unassigned,MTPOW10---,MFMP-10---,MSC--10---,MPHED10B--,MEFWR10---,MCLE-10---
1586,MFOOD10---,MVAST10---,unassigned,MSC--10---,MEFWR10---,MWPM-10---,MSS--10---,MPHED10B--
1587,MSS--10---,MVAST10---,MEFWR10---,MFMP-10---,MPHED10G--,MTXT-10---,MMAP-11---,MSC--10---
1588,MDRM-10---,unassigned,MPHED10B--,MSS--10---,unassigned,MEFWR10---,unassigned,MFOOD10---
1589,MSS--10---,unassigned,MMEDD10---,MFR--10---,MEFWR10---,MFMP-10H--,MTDRF10---,MSC--10---
1590,MFMP-10---,MSC--10---,MPHED10B--,MSS--10---,MAC--11---,MEFWR10---,unassigned,MMACS11---
1591,MFOOD10---,MSC--10---,MFMP-10---,MPHED10---,MEFWR10---,YPR--0BX--,MSS--10---,unassigned
1592,unassigned,MFMP-10---,MEFWR10---,MSS--10---,MSC--10---,MFOOD10---,unassigned,MMACS11---
1593,MSC--10---,MFMP-10---,MCMPS10---,MSS--10---,unassigned,unassigned,unassigned,unassigned
1594,MMACS11---,MSS--10C--,unassigned,MFMP-10C--,MCMPS10C--,MMUCB10--L,YED--0BX-L,MPHED10--L
1595,MSC--10---,unassigned,MFMP-10---,MSS--10---,MEFWR10---,MFOOD10---,unassigned,MPHED10B--
1596,MWBDV10IT-,MSS--10C--,MMACS11---,MFMP-10C--,MCMPS10C--,MFR--12---,unassigned,MPHED10B--
1597,MFMP-10---,unassigned,MSS--10---,MPHED10G--,MSC--10---,MTXT-10---,MEFWR10---,MFOOD10---
1598,MDRM-10---,MVAST10---,MSS--10---,MFMP-10---,MFR--10---,unassigned,MEFWR10---,MSC--10---
1599,MFOOD10---,unassigned,MEFWR10---,MFMP-10---,MAC--11---,MVAPH10---,MSS--10---,MSC--10---
1600,MSC--10---,MAC--11---,MTXT-10---,MPHED10---,MEFWR10---,MFMP-10H--,MSS--10---,MTDRF10---
1601,MCMPS10C--,MSS--10C--,MCMPR11AI-,MFMP-10C--,MFR--10---,unassigned,MTEXP10---,MMACS11---
1602,MFMP-10---,MCMPS10---,unassigned,MSC--10---,unassigned,unassigned,unassigned,MTXT-10---
1603,MCMPS10C--,MSS--10C--,MFMP-10C--,MSC--10C--,MPHED10---,MWBDV10IT-,MTDRF10---,MMACS11---
1604,MSC--10---,MAC--11---,MCMPS10---,MSS--10---,MPHED10---,MFMP-10H--,MADEM10---,unassigned
1605,MDRM-10---,MSS--10C--,MFMP-10C--,MSC--10C--,MCMPS10C--,MMUCB10--L,MIDS-0C---,MPHED10--L
1606,MMACS11---,MSS--10C--,MFMP-10C--,MSC--10C--,MCMPS10C--,unassigned,unassigned,MTDRF10---
1607,MDRM-10---,MCMPS10---,MFMP-10---,MPHED10G--,MSC--10---,MSS--10---,unassigned,MFOOD10---
1608,MFOOD10---,MFMP-10---,MSS--10---,MSC--10---,MEFWR10---,MMUCB10--L,unassigned,MPHED10--L
1609,MSC--10---,unassigned,MMACS11---,MSS--10---,MTDRF10---,MEFWR10---,MIDS-0C---,MPHED10B--
1610,MFMP-10---,MEVSC11---,MCLE-10---,MSC--10---,MFR--10---,MEFWR10---,MFR--11---,unassigned
1611,MSC--10---,MFMP-10---,MTPOW10---,MMUCC10--L,MEFWR10---,MSS--10---,MIDS-0C---,MTXT-10---
1612,MFOOD10---,MDNC-10--L,MMEDD10---,MPHED10G--,MEFWR10---,MFMP-10H--,MDNCM10--L,MSC--10---
1613,MDMD-12D--,MSC--10---,MEFWR10---,MFMP-10---,MPHED10---,MSS--10---,unassigned,MTEAR10---
1614,MCMPS10C--,MSS--10C--,MMACS11---,MFMP-10C--,MPHED10---,unassigned,MSP--11---,unassigned
1615,MSC--10---,MTEXP10---,MFMP-10---,MSS--10---,MAC--11---,MMUCB10--L,MEFWR10---,MPHED10--L
1616,MDRM-10---,MSC--10---,MCMPS10---,unassigned,unassigned,MMEDD10---,unassigned,unassigned
1617,MMACS11---,MSC--10---,MSS--10---,MPHED10G--,MAC--11---,MFMP-10H--,MEFWR10---,YCPA-0AX-L
1618,MSC--10---,unassigned,MCMPS10---,MFMP-10---,MPHED10---,MTEAR10--L,MSS--10---,unassigned
1619,MMACS11---,MFMP-10---,MCMPR11AI-,MSS--10---,MEFWR10---,MPHED10B--,MTEXP10---,MSC--10---
1620,MCMPS10C--,MSS--10C--,MMACS11---,MFMP-10C--,MSC--10C--,MFOOD10---,YED--0BX-L,MPHED10--L
1621,MTEXP10---,MSS--10C--,MFMP-10C--,MPHED10---,MCMPS10C--,unassigned,MIDS-0C---,MMACS11---
1622,unassigned,MSS--10C--,MFMP-10C--,MPHED10---,MCMPS10C--,MFOOD10---,unassigned,MMACS11---
1623,MSC--10---,MCMPS10---,MFMP-10---,unassigned,MMUGT10---,MMUCB10--L,unassigned,MFOOD10---
1624,MSC--10---,unassigned,MEFWR10---,MPHED10FB-,unassigned,MVAPH10---,MSS--10---,unassigned
1625,MFMP-10---,MSC--10---,MCMPS10---,MFR--10---,MPHED10G--,MSS--10---,MIDS-0C---,MMACS11---
1626,MFMP-10---,unassigned,MCMPS10---,MSS--10---,MSC--10---,MPHED10B--,MTEXP10---,MMACS11---
1627,MSC--10---,unassigned,MMACS11---,MPHED10---,MEFWR10---,MFMP-10H--,MFR--10---,MFOOD10---
1628,MFOOD10---,unassigned,MFMP-10---,MSS--10---,MSC--10---,MEFWR10---,MWBDV10IT-,MPHED10B--
1629,MCMPS10C--,MSS--10C--,MTPOW10---,MFMP-10C--,MSC--10C--,MMUCB10--L,MWBDV10IT-,MPHED10--L
1630,MSC--10---,MTXT-10---,MSS--10---,MPHED10G--,MMUGT10---,MEFWR10---,unassigned,unassigned
1631,MSC--10---,MCMPS10---,MPHED10B--,MSS--10---,MTEXP10---,MFOOD10---,unassigned,unassigned
1632,MSC--10---,unassigned,MSS--10---,MPHED10G--,MEFWR10---,MFOOD10---,unassigned,unassigned
1633,MSC--10---,MAC--11---,MCMPS10---,MFMP-10---,MPHED10G--,MSS--10---,MWBDV10IT-,MTDRF10---
1634,MSC--10---,MFMP-10---,MCMPR11AI-,MPHED10---,MEFWR10---,MMUCB10--L,MSS--10---,unassigned
1635,MSC--10---,MCLE-10---,MEFWR10---,MFMP-10---,MCH--11---,MTEAR10--L,MFR--10---,unassigned
1636,MSS--10---,MAC--11---,MFMP-10---,MSC--10---,MPHED10---,MMEDD10---,MEFWR10---,unassigned
1637,MFOOD10---,MFMP-10---,MCMPS10---,MSC--10---,unassigned,YPR--0BX--,MSS--10---,MPHED10B--
1638,MFMP-10---,MCLE-10---,MVAST10---,MFR--10---,MPHED10G--,MSS--10---,MEFWR10---,MSC--10---
1639,MFMP-10---,unassigned,MEFWR10---,MSC--10---,MPHED10---,MSS--10---,MWBDV10IT-,MMACS11---
1640,MMACS11---,unassigned,MSS--10---,MPHED10---,MEFWR10---,MFMP-10H--,MWBDV10IT-,MSC--10---
1641,MSC--10---,MFMP-10---,MPHED10B--,MSS--10---,MEFWR10---,YPR--0BX--,unassigned,MFOOD10---
1642,MMACS11---,MSC--10---,MCLE-10---,MSS--10---,MPHED10G--,MEFWR10---,MIDS-0C---,YCPA-0AX-L
1643,MCMPS10C--,MSS--10C--,MFMP-10C--,MADEM10---,MSC--10C--,MPHED10B--,MTEXP10---,unassigned
1644,unassigned,MSS--10C--,MMACS11---,MFMP-10C--,MCMPS10C--,unassigned,MFR--10---,MPHED10B--
1645,MMACS11---,unassigned,MCMPR11AI-,MSS--10---,MSC--10---,MEFWR10---,unassigned,MCLE-10---
1646,MTEXP10---,MSS--10C--,MMACS11---,MFMP-10C--,MCMPS10C--,unassigned,YED--0BX-L,MPHED10B--
1647,MCMPS10C--,MSS--10C--,MFMP-10C--,unassigned,MSC--10C--,MMUCB10--L,MTEXP10---,MMUOR10S-L
1648,MCMPS10C--,MSS--10C--,MFMP-10C--,MSC--10C--,MAC--11---,MPHED10B--,MWBDV10IT-,MMACS11---
1649,MSC--10---,MCMPS10---,MFMP-10---,MSS--10---,MAC--11---,MMUCB10--L,MIDS-0C---,MFOOD10---
1650,MSC--10---,MVAST10---,MCMPS10---,MSS--10---,MPHED10G--,MMUCB10--L,YED--0AX-L,unassigned
1651,MFOOD10---,MAC--11---,MSS--10---,MFMP-10---,MEFWR10---,MWBDV10IT-,unassigned,MSC--10---
1652,MSS--10---,unassigned,MCMPS10---,MFMP-10---,MSC--10---,unassigned,unassigned,unassigned
1653,MFOOD10---,MAC--11---,MSS--10---,MPHED10G--,MEFWR10---,MFMP-10H--,MIDS-0C---,MSC--10---
1654,MSC--10---,MFMP-10---,MEFWR10---,MPHED10G--,MCLE-10---,MFOOD10---,MSS--10---,unassigned
1655,MMACS11---,MCMPS10---,MFMP-10---,MSS--10---,MSC--10---,MWBDV10IT-,MTEXP10---,MPHED10B--
1656,MMACS11---,MSC--10---,MCMPS10---,MSS--10---,MTEXP10---,MFMP-10H--,MWBDV10IT-,MPHED10B--
1657,MDCF-10---,MSS--10C--,unassigned,MFMP-10C--,MCMPS10C--,MWBDV10IT-,MIDS-0C---,unassigned
1658,MDMD-12D--,MFMP-10---,MCMPS10---,MPHED10G--,MFR--10---,unassigned,MSS--10---,MSC--10---
1659,MSC--10---,unassigned,MEFWR10---,MPHED10G--,MAC--11---,MFOOD10---,MBSP-11---,unassigned
1660,MSC--10---,MCMPS10---,MPHED10B--,MSS--10---,MMUGT10---,MVAPH10---,unassigned,MTDRF10---
1661,MSC--10---,unassigned,MMACS11---,MSS--10---,MTEXP10---,MFMP-10H--,MEFWR10---,MPHED10B--
1662,MSC--10---,unassigned,MCMPS10---,MPHED10FB-,YED--0AX--,MSS--10---,unassigned,unassigned
1663,MFMP-10---,MACLV11G--,MCMPS10---,MSC--10---,MAC--11---,MSS--10---,MWBDV10IT-,MFOOD10---
1664,MSS--10---,MCMPS10---,MIDS-0B---,MSC--10---,MPHED10---,MFMP-10H--,MTDRF10---,unassigned
1665,MFMP-10---,MSC--10---,MPHED10B--,MMUCC10--L,MTEXP10---,MSS--10---,MEFWR10---,MFOOD10---
1666,MDRM-10---,MSS--10C--,unassigned,MFMP-10C--,MCMPS10C--,unassigned,unassigned,MMUOR10S-L
1667,MCMPS10C--,MSS--10C--,MFMP-10C--,MSC--10C--,MSP--10---,MFOOD10---,YED--0BX-L,MMACS11---
1668,MFOOD10---,MAC--11---,MFMP-10---,MSC--10---,MEFWR10---,MPHED10B--,MSS--10---,unassigned
1669,MCMPS10C--,MSS--10C--,MFMP-10C--,MVAPH10---,MSC--10C--,unassigned,unassigned,MTEAR10---
1670,MSC--10---,MLFSC11---,MSS--10---,MFMP-10---,MEFWR10---,MMUCB10--L,unassigned,MPHED10--L
1671,MSC--10---,unassigned,MSS--10---,MFMP-10---,MSP--10---,MEFWR10---,unassigned,MPHED10--L
1672,MDRM-10---,MTXT-10---,MCMPS10---,MSS--10---,unassigned,unassigned,unassigned,unassigned
1673,MSS--10---,unassigned,MTPOW10---,MPHED10FB-,MSC--10---,MEFWR10---,unassigned,unassigned
1674,MMACS11---,MSC--10---,MFMP-10---,MPHED10---,MEFWR10---,MVAPH10---,MSS--10---,unassigned
1675,MFOOD10---,MSC--10---,MSS--10---,MFR--09---,MEFWR10---,MFMP-10H--,MMAP-11---,unassigned
1676,MFMP-10---,YED--0AX--,MTXT-10---,MSS--10---,MSC--10---,MMUCB10--L,MEFWR10---,MPHED10--L
1677,MSC--10---,MFMP-10---,MEFWR10---,MSS--10---,MTEXP10---,MFOOD10---,unassigned,MPHED10B--
1678,MWBDV10IT-,MSS--10C--,unassigned,MFMP-10C--,MCMPS10C--,unassigned,unassigned,unassigned
1679,MDMD-12D--,MSS--10C--,MMACS11---,MFMP-10C--,MCMPS10C--,unassigned,MFR--10---,unassigned
1680,MSC--10---,MFMP-10---,MEFWR10---,MSS--10---,MPHED10G--,MVAPH10---,MTDRF10---,YCPA-0AX-L
1681,MCMPS10C--,MSS--10C--,MFMP-10C--,MSC--10C--,MPHED10---,MMEDD10---,unassigned,MTDRF10---
1682,MFMP-10---,MDNC-10--L,MIDS-0B---,MADEM10---,MEFWR10---,MSS--10---,MDNCM10--L,MSC--10---
1683,MSC--10---,MVAST10---,MCMPS10---,MFMP-10---,MPHED10G--,MVAPH10---,MSS--10---,MFOOD10---
1684,MSC--10---,MCMPS10---,MFMP-10---,MSS--10---,unassigned,MPHED10B--,YED--0BX-L,unassigned
1685,MSC--10---,MWPM-11---,MCMPS10---,MPHED10FB-,unassigned,MMEDD10---,MSS--10---,MFOOD10---
1686,MCMPS10C--,MSS--10C--,MFMP-10C--,MSC--10C--,MPHED10---,MMEDD10---,unassigned,MTXT-10---
1687,MSC--10---,unassigned,MFMP-10---,MPHED10FB-,unassigned,MFOOD10---,MEFWR10---,unassigned
1688,MTEXP10---,MSS--10C--,MMACS11---,MFMP-10C--,MCMPS10C--,MMUCB10--L,unassigned,MPHED10--L
1689,MSC--10---,MTEXP10---,MMACS11---,MFMP-10---,MEFWR10---,MSS--10---,unassigned,MPHED10B--
1690,MFOOD10---,unassigned,MCMPS10---,MSS--10---,MSC--10---,MMEDD10---,unassigned,MPHED10B--
1691,MDCF-10---,MCMPS10---,MSS--10---,MFMP-10---,MFR--10---,MFOOD10---,unassigned,MSC--10---
1692,MFMP-10---,unassigned,MCMPS10---,MSC--10---,MSP--10---,MMEDD10---,MSS--10---,MPHED10B--
1693,MSS--10---,MFMP-10---,MTXT-10---,MSC--10---,MPHED10G--,MEFWR10---,MTDRF10---,MSC--09---
1694,MSC--10---,MFMP-10---,MSS--10---,MMUCC10--L,MMUGT10---,MEFWR10---,unassigned,YPA--0CX--
1695,MDCF-10---,MDNC-10--L,MFMP-10---,MPHED10---,MEFWR10---,MSS--10---,MDNCM10--L,MFOOD10---
1696,MFMP-10---,MAC--11---,MCMPS10---,MSS--10---,MSC--10---,MPHED10B--,unassigned,MFOOD10---
1697,MFMP-10---,MCMPS10---,unassigned,MSC--10---,MPHED10G--,MSS--10---,unassigned,YCPA-0AX-L
1698,MSC--10---,MPH--11---,unassigned,unassigned,MAC--11---,unassigned,MBSP-11---,MPREC11---
1699,MDRM-10---,MSC--10---,MFMP-10---,MSS--10---,unassigned,MFOOD10---,MEFWR10---,MPHED10B--
1700,MSC--10---,MFMP-10---,MCMPS10---,MSS--10---,unassigned,unassigned,unassigned,unassigned
1701,MFOOD10---,MSC--10---,MPHED10B--,MFMP-10---,MEFWR10---,MSS--10---,MFR--10---,unassigned
1702,MMACS11---,MSS--10C--,MCMPR11AI-,MFMP-10C--,MCMPS10C--,MTEAR10--L,MIDS-0C---,unassigned
1703,MFOOD10---,unassigned,MCMPS10---,MPHED10FB-,MSC--10---,MWPM-10---,MSS--10---,unassigned
1704,MFOOD10---,unassigned,MCMPR11AI-,MSS--10---,MEFWR10---,MFMP-10H--,unassigned,MSC--10---
1705,MCMPS10C--,MSS--10C--,MFMP-10C--,MSC--10C--,MPHED10G--,unassigned,MTEXP10---,MMACS11---
1706,MSC--10---,unassigned,MEFWR10---,MPHED10G--,unassigned,MFMP-10H--,MSS--10---,unassigned
1707,MSC--10---,unassigned,MEFWR10---,MFMP-10---,MPHED10---,MFOOD10---,MSS--10---,MTXT-10---
1708,MCMPS10C--,MSS--10C--,MFMP-10C--,MSC--10C--,MPHED10---,MWBDV10IT-,unassigned,MPREC11---
1709,MSC--10---,MDNC-10--L,MSS--10---,MFR--10---,MPHED10G--,MFMP-10H--,MDNCM10--L,MTDRF10---
1710,MSC--10---,MFMP-10---,MMA--09---,MSS--10---,MTEXP10---,MMUCB10--L,MEFWR10---,MPHED10--L
1711,MSS--10---,MSC--10---,MFMP-10---,MPHED10G--,MEFWR10---,YED--0AX--,unassigned,MFOOD10---
1712,MFMP-10---,MVAST10---,MPHED10B--,MSS--10---,MSC--10---,MEFWR10---,unassigned,MFOOD10---
1713,MDRM-10---,MCMPS10---,unassigned,unassigned,MSP--10---,MTXT-10---,unassigned,unassigned
1714,MFMP-10---,unassigned,MSS--10---,MSC--10---,MPHED10G--,MEFWR10---,unassigned,MFOOD10---
1715,MSS--10---,YED--0AX--,MTXT-10---,MPHED10G--,MEFWR10---,MSC--09---,unassigned,MSC--10---
1716,MSC--10---,MFMP-10---,MCMPS10---,MSS--10---,MPHED10---,MFOOD10---,unassigned,unassigned
1717,MDRM-10---,MTEXP10---,MFMP-10---,MSS--10---,MPHED10---,MWBDV10IT-,MEFWR10---,MSC--10---
1718,MFOOD10---,MTEXP10---,MEFWR10---,MFMP-10---,MSC--10---,MPHED10B--,MSS--10---,unassigned
1719,MFOOD10---,MSC--10---,MEFWR10---,MFMP-10---,MAC--11---,MSS--10---,unassigned,unassigned
1720,unassigned,MDNC-10--L,MCMPR11AI-,MFMP-10C--,MCMPS10C--,MMUCB10--L,MDNCM10--L,MMUOR10S-L
1721,MDRM-10---,MTEXP10---,MFMP-10---,MSC--10---,MEFWR10---,MFOOD10---,MSS--10---,MPHED10B--
1722,MSC--10---,MFMP-10---,MTXT-10---,MSS--10---,MEFWR10---,MMUCB10--L,MIDS-0C---,MPHED10--L
1723,MSC--10---,MDNC-10--L,MMEDD10---,MMUCC10--L,MEFWR10---,MFMP-10H--,MDNCM10--L,MPHED10--L
1724,MFMP-10---,MSC--10---,MMEDD10---,MFR--10---,unassigned,MMUCB10--L,MEFWR10---,MPHED10--L
1725,MFMP-10---,MACLV11G--,MCMPS10---,MSC--10---,unassigned,MFOOD10---,MADEM10---,unassigned
1726,MSC--10---,MFMP-10---,MMA--09---,MFR--09---,MPHED10---,MEFWR10---,MSS--10---,unassigned
1727,unassigned,MAC--11---,MCMPR11AI-,MFMP-10C--,MCMPS10C--,unassigned,YED--0BX-L,MMACS11---
1728,MDCF-10---,MVAST10---,MFMP-10---,MPHED10G--,MSC--10---,MEFWR10---,MSS--10---,MFOOD10---
1729,MFOOD10---,MCMPS10---,MPHED10B--,MFMP-10---,unassigned,MSS--10---,unassigned,MSC--10---
1730,MDRM-10---,MSC--10---,MFR--11---,MFMP-10---,MFR--10---,YPR--0BX--,MEFWR10---,MPHED10B--
1731,MFOOD10---,unassigned,MCMPS10---,MPHED10FB-,unassigned,MSS--10---,unassigned,MSC--10---
1732,MDCF-10---,MDNC-10--L,MFMP-10---,MFR--09---,MEFWR10---,MSS--10---,MDNCM10--L,MSC--10---
1733,MCMPS10C--,MDNC-10--L,MFMP-10C--,MSC--10C--,MPHED10G--,MFR--12---,MDNCM10--L,MFOOD10---
1734,MSC--10---,MAC--11---,MSS--10---,MPHED10G--,MEFWR10---,MFMP-10H--,MWBDV10IT-,MFOOD10---
1735,MFMP-10---,MCMPS10---,MCMPR11AI-,MSS--10---,MSC--10---,MMUCB10--L,MTEXP10---,MPHED10--L
1736,MMACS11---,MFMP-10---,MCMPS10---,MMUCC10--L,MMUGT10---,MMEDD10---,MSS--10---,MSC--10---
1737,MFOOD10---,unassigned,MEFWR10---,MSC--10---,unassigned,MFMP-10H--,MSS--10---,MMACS11---
1738,MCMPS10C--,MSS--10C--,MCMPR11AI-,MFMP-10C--,MPHED10---,unassigned,MADEM10---,MMUOR10S-L
1739,MSC--10---,MFMP-10---,MEFWR10---,MMUCC10--L,MFR--10---,MMUCB10--L,MSS--10---,MMUOR10S-L
1740,MWBDV10IT-,MFR--09---,MFMP-10C--,MFR--10---,MCMPS10C--,MPHED10B--,unassigned,unassigned
1741,MDCF-10---,MTXT-10---,MCMPS10---,MFMP-10---,MTDRF10---,MSS--10---,unassigned,MPHED10B--
1742,MFOOD10---,unassigned,MMACS11---,MSC--10---,MEFWR10---,MFMP-10H--,MSS--10---,MPHED10B--
1743,MMACS11---,MSS--10C--,MFMP-10C--,MSC--10C--,MCMPS10C--,MMEDD10---,unassigned,MPHED10--L
1744,MFMP-10---,MSC--09---,MSS--10---,MPHED10G--,MEFWR10---,MFOOD10---,unassigned,MSC--10---
1745,MSS--10---,MPH--11---,MMACS11---,MCH--11---,unassigned,MMUCB10--L,MEFWR10---,MPHED10--L
1746,MCMPS10C--,MSS--10C--,MMACS11---,MFMP-10C--,MAC--11---,MPHED10B--,unassigned,MTDRF10---
1747,MMACS11---,MSC--10---,MFMP-10---,MSS--10---,MPHED10G--,MEFWR10---,MWBDV10IT-,MBSP-11---
1748,MDRM-10---,MCMPS10---,MCMPR11AI-,MFMP-10---,MFR--10---,MSS--10---,unassigned,MSC--10---
1749,MDMD-12D--,MFMP-10---,MCMPR11AI-,MSS--10---,MSC--10---,MEFWR10---,unassigned,MMACS11---
1750,MDCF-10---,MFMP-10---,MCMPS10---,MSC--10---,MPHED10---,MSS--10---,unassigned,MTXT-10---
1751,MDCF-10---,MSC--10---,MCMPS10---,MFMP-10---,MPHED10G--,MSS--10---,unassigned,unassigned
1752,MCMPS10C--,MSS--10C--,MPHED10B--,MFMP-10C--,MSC--10C--,MTEAR10--L,MTEXP10---,MMACS11---
1753,MMACS11---,MSC--10---,MFR--11---,MPREC11---,MAC--11---,MSS--10---,MEFWR10---,MPHED10B--
1754,MMACS11---,MSS--10C--,MCMPR11AI-,MFMP-10C--,MCMPS10C--,unassigned,MTEXP10---,MPHED10B--
1755,unassigned,MSS--10C--,MFMP-10C--,MPHED10G--,MCMPS10C--,MFOOD10---,unassigned,unassigned
1756,MSC--10---,unassigned,MFMP-10---,MSS--10---,MEFWR10---,MMUCB10--L,MIDS-0C---,MPHED10--L
1757,MSC--09---,MPHE-09--L,XC---09--L,MADEM10---,unassigned,MMA--09---,MFR--09---,MEN--09---
1758,MWBDV10IT-,MSC--09---,MEN--09---,unassigned,unassigned,MADER09---,MSS--09---,MPHE-09B--
1759,MSP--09---,MSC--09---,MMA--09---,unassigned,MADW-09---,MPHE-09---,MEN--09---,MADT-09---
1760,MPHE-09---,MFR--09---,MMA--09---,MEN--09---,unassigned,MSC--09---,MADGE09---,MSS--09---
1761,MPHE-09B--,MMA--09C--,MEN--09C--,MSC--09C--,MSS--09C--,MADGE09---,MWBDV10IT-,MADER09---
1762,MPHE-09---,MADGE09---,MEN--09C--,MADEM10---,MSS--09C--,unassigned,MFR--11---,MMA--09C--
1763,MDNC-09H--,MFR--09---,MDNC-09M-L,MDNC-09C-L,unassigned,MEN--09---,MADEM10---,MSC--09---
1764,MPHE-09B--,MFR--09---,unassigned,MADGE09---,unassigned,MMA--09---,MEN--09---,MADER09---
1765,MPHE-09---,MSC--09---,MADD-09---,unassigned,unassigned,MMA--09---,MEN--09---,MSS--09---
1766,MWBDV10IT-,MEN--09C--,unassigned,MSC--09C--,MADD-09---,MADGE09---,MPHE-09---,MMA--09C--
1767,MPHE-09B--,MSC--09---,MMA--09---,MEN--09---,unassigned,MADGE09---,MADEM10---,MSS--09---
1768,MDNC-09H--,MPHE-09G--,MMA--09---,unassigned,unassigned,MEN--09---,MFR--11---,MSC--09---
1769,MSC--09---,unassigned,MEN--09---,unassigned,MPHE-09--L,MMA--09---,MADD-09---,MSS--09---
1770,unassigned,MEN--09C--,XC---09--L,MSC--09C--,MDNC-09F--,unassigned,MFR--09---,MMA--09C--
1771,unassigned,MEN--09C--,unassigned,MADEM10---,MPHE-09--L,MADER09---,XBA--09C-L,MMA--09C--
1772,XBA--09G--,MEN--09C--,MDNC-09M-L,MDNC-09C-L,MPHE-09--L,unassigned,XBA--09C-L,MMA--09C--
1773,MSC--09---,MPHE-09--L,MFR--11---,MSP--09---,unassigned,MSS--09---,MEN--09---,MMA--09H--
1774,unassigned,MMA--09C--,MEN--09C--,MSC--09C--,MPHE-09--L,unassigned,MFR--09---,MVA--09---
1775,MPHE-09B--,MADD-09---,MMA--09---,unassigned,unassigned,MSC--09---,MSS--09---,MEN--09---
1776,MSP--09---,MMA--09C--,MEN--09C--,MADEM10---,MSS--09C--,MWBDV10IT-,MPHE-09---,unassigned
1777,MDNC-09H--,MMA--09C--,MEN--09C--,MSC--09C--,MPHE-09--L,unassigned,MVA--09---,unassigned
1778,MPHE-09G--,MSC--09---,MMA--09---,MSP--09---,XLDCB09LS-,unassigned,MSS--09---,MEN--09---
1779,MWBDV10IT-,MEN--09C--,unassigned,MADGE09---,MSS--09C--,MPHE-09---,MADEM10---,MMA--09C--
1780,unassigned,MADGE09---,MEN--09C--,MSC--09C--,MPHE-09--L,MADER09---,XBA--09C-L,MMA--09C--
1781,MPHE-09B--,MSC--09---,MADT-09---,unassigned,unassigned,MMA--09---,MEN--09---,MSS--09---
1782,unassigned,MEN--09C--,unassigned,MSC--09C--,MPHE-09--L,MADGE09---,XBA--09C-L,MADER09---
1783,MSS--09---,MSC--09---,MEN--09---,unassigned,unassigned,unassigned,MADEM10---,MMA--09H--
1784,unassigned,MADD-09---,MEN--09C--,MSC--09C--,MPHE-09--L,unassigned,MADGE09---,MMA--09C--
1785,MSS--09---,MSC--09---,MPHE-09G--,MFR--09---,unassigned,MEN--09---,MADD-09---,MMA--09H--
1786,MPHE-09B--,MSC--09---,unassigned,MEN--09---,MADD-09---,MSS--09---,MWBDV10IT-,MADER09---
1787,unassigned,MPHE-09--L,MMA--09---,MEN--09---,XBA--09J-L,MSC--09---,MADGE09---,MSS--09---
1788,MPHE-09G--,MSC--09---,MMA--09---,MADEM10---,MADT-09---,unassigned,MEN--09---,MSS--09---
1789,MSS--09---,MSC--09---,MADW-09---,unassigned,unassigned,MMA--09---,MEN--09---,MVA--09---
1790,MSC--09---,MPHE-09G--,MMA--09---,MADEM10---,MADT-09---,MEN--09---,MFR--09---,MSS--09---
1791,MWBDV10IT-,MADGE09---,MEN--09C--,MSC--09C--,MSS--09C--,MADER09---,MPHE-09---,MMA--09C--
1792,MPHE-09B--,MSC--09---,MADD-09---,unassigned,unassigned,MSS--09---,MEN--09---,MMA--09H--
1793,MSS--09---,MPHE-09--L,MEN--09---,unassigned,unassigned,MMA--09---,MADEM10---,MSC--09---
1794,unassigned,MEN--09C--,MPHE-09G--,MADT-09---,MSS--09C--,XLDCB09LS-,MVA--09---,MMA--09C--
1795,MWBDV10IT-,MEN--09C--,MFR--11---,MSC--09C--,MSS--09C--,MPHE-09---,MADEM10---,MMA--09C--
1796,MSC--09---,unassigned,MADD-09---,unassigned,unassigned,MADGE09---,MPHE-09---,MEN--09---
1797,MWBDV10IT-,MPHE-09--L,unassigned,unassigned,XBA--09J-L,MSC--09---,MSS--09---,MEN--09---
1798,MWBDV10IT-,MEN--09C--,MVA--09---,MADGE09---,MSS--09C--,MPHE-09---,unassigned,MMA--09C--
1799,unassigned,MMA--09C--,MEN--09C--,MFR--09---,MSS--09C--,MADGE09---,XLDCB09M--,MPHE-09B--
1800,MDR--09---,MSC--09---,MADW-09---,MSP--09---,unassigned,MMA--09---,MEN--09---,MPHE-09B--
1801,MDR--09---,MPHE-09G--,MEN--09---,MSP--09---,unassigned,MMA--09---,MSS--09---,MSC--09---
1802,unassigned,MPHE-09--L,MMA--09---,MFR--09---,unassigned,MEN--09---,MSS--09---,MSC--09---
1803,unassigned,MSC--09---,MPHE-09G--,unassigned,MDNC-09F--,XLDCB09LS-,MEN--09---,MSS--09---
1804,MDNC-09H--,MSC--09---,MMA--09---,MEN--09---,MDNC-09F--,MPHE-09---,MVA--09---,MSS--09---
1805,MDNC-09H--,MSC--09---,MPHE-09G--,MEN--09---,unassigned,unassigned,MSS--09---,XLDCB09LS-
1806,MPHE-09B--,unassigned,XLDCB09LS-,unassigned,MADW-09---,MSC--09---,MEN--09---,MSS--09---
1807,MPHE-09---,MSC--09---,MMA--09---,unassigned,unassigned,MEN--09---,MFR--11---,MSS--09---
1808,MWBDV10IT-,MMA--09C--,MEN--09C--,MSC--09C--,MPHE-09--L,MADER09---,XBA--09C-L,unassigned
1809,MSC--09---,MPHE-09--L,MEN--09---,MADEM10---,unassigned,MSS--09---,MFR--11---,MMA--09H--
1810,MPHE-09G--,MFR--09---,MMA--09---,unassigned,MADD-09---,MSC--09---,MEN--09---,MSS--09---
1811,MPHE-09G--,MSC--09---,MFR--11---,unassigned,MADW-09---,MADGE09---,MSS--09---,MEN--09---
1812,MPHE-09B--,MSC--09---,MMA--09---,MADEM10---,unassigned,MEN--09E--,MSS--09---,MVA--09---
1813,MPHE-09B--,MSC--09---,MFR--11---,unassigned,unassigned,MSS--09---,MADD-09---,MEN--09---
1814,MPHE-09---,MADD-09---,MEN--09C--,MADGE09---,MSS--09C--,MWBDV10IT-,unassigned,MMA--09C--
1815,MSC--09---,MPHE-09G--,MMA--09---,MSP--09---,unassigned,MADGE09---,MEN--09---,MSS--09---
1816,unassigned,MPHE-09G--,MADW-09---,MADT-09---,unassigned,MEN--09---,MSS--09---,MSC--09---
1817,MSP--09---,unassigned,MADW-09---,unassigned,unassigned,MMA--09---,MEN--09---,MSC--09---
1818,MPHE-09G--,MSC--09---,MADT-09---,MEN--09---,unassigned,unassigned,MFR--09---,MSS--09---
1819,MSC--09---,MADGE09---,MEN--09---,unassigned,unassigned,MMA--09---,MFR--09---,MSS--09---
1820,MPHE-09B--,MADD-09---,MEN--09---,MFR--09---,unassigned,MMA--09---,MADGE09---,MSC--09---
1821,MPHE-09B--,MSC--09---,MMA--09---,MEN--09---,XLDCB09LS-,MSS--09---,MADGE09---,MADER09---
1822,MSS--09---,MFR--09---,MMA--09---,unassigned,MADW-09---,MSC--09---,MEN--09---,MPHE-09B--
1823,MSC--09---,MPHE-09--L,MMA--09---,MSP--09---,XBA--09J-L,MEN--09---,MSS--09---,MADT-09---
1824,MSC--09---,MPHE-09--L,MFR--11---,unassigned,XBA--09J-L,MMA--09---,MEN--09---,MSS--09---
1825,MDR--09---,MPHE-09--L,MMA--09---,unassigned,XLDCB09LSL,MSC--09---,MADEM10---,MEN--09---
1826,MPHE-09G--,MADGE09---,MEN--09C--,MSC--09C--,MSS--09C--,unassigned,XLDCB09M--,MADER09---
1827,MSS--09---,MSC--09---,MMA--09---,unassigned,MPHE-09--L,unassigned,MADEM10---,MEN--09---
1828,unassigned,MEN--09C--,MVA--09---,MADEM10---,MPHE-09--L,unassigned,XBA--09C-L,MMA--09C--
1829,MPHE-09---,MSC--09---,MMA--09---,unassigned,MADW-09---,MSS--09---,MEN--09---,MADT-09---
1830,MDR--09---,MPHE-09G--,MADT-09---,unassigned,unassigned,MEN--09---,MSS--09---,MSC--09---
1831,MSP--09---,MSC--09---,MMA--09---,MADEM10---,unassigned,MADGE09---,MEN--09---,MPHE-09B--
1832,MPHE-09B--,MSC--09---,MMA--09---,MEN--09---,unassigned,MADER09---,MADD-09---,MSS--09---
1833,MWBDV10IT-,MEN--09C--,MFR--11---,MSC--09C--,MSS--09C--,MPHE-09---,MADEM10---,MMA--09C--
1834,MDNC-09H--,MFR--09---,MDNC-09M-L,MDNC-09C-L,unassigned,MMA--09---,MEN--09---,MSC--09---
1835,unassigned,MPHE-09--L,MEN--09---,unassigned,MDNC-09PT-,MSC--09---,MSS--09---,MMA--09H--
1836,MDNC-09H--,MPHE-09G--,MEN--09---,MSP--09---,unassigned,MMA--09---,MSS--09---,MSC--09---
1837,MDNC-09H--,MPHE-09G--,MMA--09---,MEN--09---,MPHE-09Y--,MSC--09---,unassigned,MSS--09---
1838,MPHE-09B--,MEN--09C--,unassigned,MSC--09C--,MADD-09---,unassigned,XLDCB09M--,MMA--09C--
1839,MPHE-09G--,MSC--09---,MADW-09---,unassigned,unassigned,MEN--09---,MVA--09---,MSS--09---
1840,MPHE-09---,MSC--09---,MADD-09---,unassigned,unassigned,MADER09---,MEN--09---,MMA--09H--
1841,MPHE-09B--,MSC--09---,unassigned,MFR--09---,unassigned,unassigned,MSS--09---,MEN--09---
1842,MPHE-09B--,MSC--09---,MMA--09---,MADGE09---,unassigned,MEN--09E--,MVA--09---,MSS--09---
1843,MPHE-09G--,MSC--09---,MDNC-09M-L,MDNC-09C-L,MDNC-09PT-,MMA--09---,MFR--09---,MEN--09---
1844,MPHE-09G--,MSC--09---,MMA--09---,MFR--09---,MDNC-09F--,MEN--09---,MADEM10---,MSS--09---
1845,unassigned,MEN--09C--,MVA--09---,MSC--09C--,MDNC-09PT-,MPHE-09---,MFR--09---,MMA--09C--
1846,MSC--09---,MPHE-09G--,MMA--09---,unassigned,MDNC-09F--,MWBDV10IT-,MEN--09---,MSS--09---
1847,MWBDV10IT-,MEN--09C--,MADD-09---,MSC--09C--,MSS--09C--,MADGE09---,MPHE-09---,MMA--09C--
1848,unassigned,MPHE-09G--,MMA--09---,MEN--09---,MPHE-09Y--,unassigned,unassigned,unassigned
1849,MSC--09---,MFR--09---,MEN--09---,MADEM10---,MADT-09---,MMA--09---,MPHE-09---,MSS--09---
1850,MSS--09---,MSC--09---,MPHE-09G--,MADT-09---,MADD-09---,unassigned,MEN--09---,MMA--09H--
1851,MSS--09---,MPHE-09--L,MEN--09---,unassigned,unassigned,MSC--09---,MADD-09---,MMA--09H--
1852,MPHE-09G--,MADD-09---,MADW-09---,unassigned,unassigned,MEN--09E--,MSS--09---,MSC--09---
1853,MDNC-09H--,MPHE-09G--,MMA--09---,MSP--09---,unassigned,MSC--09---,MEN--09---,MSS--09---
1854,XBA--09G--,MSC--09---,MPHE-09G--,XLDCB09LS-,unassigned,MEN--09E--,MSS--09---,MMA--09H--
1855,unassigned,MMA--09C--,MEN--09C--,MADEM10---,MSS--09C--,MADGE09---,MPHE-09---,XLDCB09M--
1856,MWBDV10IT-,MMA--09C--,MEN--09C--,MADGE09---,MSS--09C--,MPHE-09---,MFR--11---,unassigned
1857,MDNC-09H--,MFR--09---,MEN--09C--,MSC--09C--,MSS--09C--,unassigned,unassigned,MADER09---
1858,MPHE-09---,MSC--09---,MMA--09---,MEN--09---,unassigned,MADGE09---,MFR--09---,MSS--09---
1859,MPHE-09B--,MEN--09C--,unassigned,MSC--09C--,MSS--09C--,MWBDV10IT-,MADEM10---,MMA--09C--
1860,XLDCB09LSL,MSC--09---,MVA--09---,unassigned,MPHE-09--L,MSS--09---,MEN--09---,XLDCB09M--
1861,MSC--09---,MADGE09---,MVA--09---,unassigned,unassigned,MEN--09---,MPHE-09---,MMA--09H--
1862,MSC--09---,MPHE-09--L,unassigned,unassigned,MADW-09---,MSS--09---,XBA--09C-L,MEN--09---
1863,MPHE-09G--,MADD-09---,MMA--09---,unassigned,MPHE-09Y--,MEN--09E--,MSS--09---,MSC--09---
1864,MPHE-09G--,MSC--09---,MMA--09---,MADT-09---,unassigned,MSS--09---,MADEM10---,MEN--09---
1865,MSS--09---,MPHE-09G--,MMA--09---,unassigned,unassigned,MEN--09---,MFR--11---,MSC--09---
1866,MPHE-09---,MEN--09C--,MDNC-09M-L,MADEM10---,MDNC-09PT-,unassigned,MFR--09---,MMA--09C--
1867,MSS--09---,MSC--09---,MMA--09---,MEN--09---,MPHE-09--L,unassigned,MADGE09---,MADER09---
1868,MPHE-09---,MSC--09---,MEN--09---,unassigned,unassigned,MADER09---,MADD-09---,MSS--09---
1869,MDNC-09H--,MFR--09---,MDNC-09M-L,MADEM10---,unassigned,MMA--09---,MEN--09---,MSC--09---
1870,MPHE-09---,MFR--09---,MDNC-09M-L,MDNC-09C-L,MDNC-09PT-,MEN--09---,MADEM10---,MSC--09---
1871,MPHE-09---,MSC--09---,MADW-09---,MSP--09---,MADT-09---,MMA--09---,MEN--09---,MSS--09---
1872,MSC--09---,MPHE-09G--,MFR--11---,unassigned,MADD-09---,MMA--09---,MEN--09---,MSS--09---
1873,MPHE-09---,MADGE09---,MEN--09---,MSP--09---,unassigned,MMA--09---,MADEM10---,MSC--09---
1874,MPHE-09G--,MSC--09---,MADD-09---,unassigned,unassigned,MMA--09---,MEN--09---,MSS--09---
1875,MSS--09---,MSC--09---,MADD-09---,MEN--09---,MDNC-09F--,MMA--09---,MPHE-09---,MADT-09---
1876,MPHE-09B--,unassigned,MMA--09---,MADEM10---,unassigned,MSC--09---,MADGE09---,MEN--09---
1877,MDNC-09H--,unassigned,MPHE-09G--,MSP--09---,unassigned,MSC--09---,MSS--09---,MEN--09---
1878,MPHE-09B--,MSC--09---,MMA--09---,MEN--09---,MADD-09---,unassigned,MSS--09---,MADER09---
1879,MPHE-09G--,MSC--09---,MMA--09---,MSP--09---,XLDCB09LS-,MWBDV10IT-,MEN--09---,MSS--09---
1880,MPHE-09---,MMA--09C--,MEN--09C--,MSC--09C--,MSS--09C--,MADGE09---,MADD-09---,unassigned
1881,MSC--09---,MADD-09---,MMA--09---,MADEM10---,unassigned,MEN--09E--,MSS--09---,MPHE-09B--
1882,MSC--09---,MADD-09---,MEN--09---,MFR--09---,unassigned,MMA--09---,MPHE-09---,MSS--09---
1883,MSC--09---,MPHE-09G--,MMA--09---,MFR--09---,MADW-09---,MEN--09---,MADEM10---,MSS--09---
1884,MSS--09---,MPHE-09G--,MADT-09---,unassigned,unassigned,MSC--09---,MEN--09---,MADER09---
1885,XLDCB09LSL,MSC--09---,MMA--09---,MFR--09---,MPHE-09--L,MSS--09---,MEN--09---,MVA--09---
1886,MSP--09---,MSC--09---,MPHE-09G--,MADEM10---,unassigned,MEN--09---,MADD-09---,MMA--09H--
1887,MPHE-09G--,MSC--09---,MEN--09---,MFR--09---,MDNC-09F--,MMA--09---,MADEM10---,MSS--09---
1888,MSS--09---,MSC--09---,MFR--11---,MADGE09---,unassigned,MMA--09---,MEN--09---,MPHE-09B--
1889,unassigned,MSC--09---,MMA--09---,MEN--09---,MADW-09---,MSS--09---,MADEM10---,unassigned
1890,MPHE-09G--,MSC--09---,MMA--09---,MSP--09---,MADD-09---,MWBDV10IT-,MSS--09---,MEN--09---
1891,MSS--09---,MSC--09---,MADW-09---,unassigned,unassigned,MADGE09---,MPHE-09---,MEN--09---
1892,MSP--09---,MSC--09---,MMA--09---,MEN--09---,unassigned,MADGE09---,MPHE-09---,MSS--09---
1893,MPHE-09---,MSC--09---,MADD-09---,unassigned,unassigned,MMA--09---,MEN--09---,MADT-09---
1894,MPHE-09B--,MSC--09---,MEN--09---,MADGE09---,unassigned,MADER09---,MSS--09---,MMA--09H--
1895,MPHE-09B--,MSC--09---,MMA--09---,unassigned,unassigned,MEN--09---,MSS--09---,MVA--09---
1896,unassigned,unassigned,MMA--09---,unassigned,unassigned,MSC--09---,MEN--09---,MSS--09---
1897,MPHE-09---,MSC--09---,MADW-09---,MEN--09---,unassigned,MADER09---,MADGE09---,MSS--09---
1898,MPHE-09---,MMA--09C--,MEN--09C--,MSC--09C--,MSS--09C--,MADGE09---,MFR--11---,unassigned
1899,MSP--09---,MPHE-09G--,MMA--09---,MADEM10---,unassigned,MSC--09---,MEN--09---,MSS--09---
1900,MSC--09---,unassigned,MPHE-09G--,unassigned,unassigned,MEN--09---,MFR--09---,MADER09---
1901,unassigned,MADGE09---,MADD-09---,MSC--09C--,MSS--09C--,MPHE-09---,XLDCB09M--,MMA--09C--
1902,MDNC-09H--,MPHE-09G--,MEN--09---,MSP--09---,unassigned,MMA--09---,MSS--09---,MSC--09---
1903,MPHE-09B--,unassigned,MFR--11---,MSP--09---,unassigned,MMA--09---,MEN--09---,MSC--09---
1904,MSS--09---,unassigned,MPHE-09G--,MADEM10---,unassigned,MSC--09---,MFR--11---,MEN--09---
1905,MSC--09---,MADGE09---,MMA--09---,unassigned,unassigned,MPHE-09---,MADEM10---,MEN--09---
1906,unassigned,MEN--09C--,unassigned,MSC--09C--,MADD-09---,unassigned,XBA--09C-L,MADER09---
1907,unassigned,MPHE-09--L,MMA--09---,unassigned,MADW-09---,MSC--09---,MEN--09---,MSS--09---
1908,MWBDV10IT-,MEN--09C--,unassigned,MSC--09C--,MPHE-09--L,MADER09---,XBA--09C-L,MMA--09C--
1909,MPHE-09B--,MSC--09---,MEN--09---,unassigned,unassigned,MADER09---,MADGE09---,MSS--09---
1910,XBA--09G--,MSC--09---,MMA--09---,unassigned,MADW-09---,MEN--09---,MSS--09---,MPHE-09B--
1911,MPHE-09B--,MMA--09C--,MEN--09C--,MSC--09C--,MSS--09C--,MWBDV10IT-,MFR--09---,MADER09---
1912,YHRA-0AX--,MSC--09---,MFR--11---,unassigned,unassigned,MADGE09---,MEN--09---,MSS--09---
1913,MPHE-09G--,MSC--09---,MDNC-09M-L,MDNC-09C-L,MDNC-09F--,MMA--09---,MEN--09---,MSS--09---
1914,MSP--09---,MSC--09---,MPHE-09G--,MEN--09---,MPHE-09Y--,MSS--09---,unassigned,XLDCB09LS-
1915,MSP--09---,MSC--09---,MMA--09---,unassigned,unassigned,MPHE-09FB-,MSS--09---,XLDCB09M--
1916,MPHE-09---,MSC--09---,MMA--09---,MADEM10---,unassigned,MEN--09---,MADD-09---,MADER09---
1917,MPHE-09G--,unassigned,MFR--11---,MEN--09---,unassigned,MMA--09---,MADEM10---,MSC--09---
1918,MSC--09---,MADD-09---,MEN--09---,unassigned,unassigned,MADER09---,MPHE-09---,MSS--09---
1919,MDNC-09H--,MPHE-09G--,MADT-09---,MDNC-09C-L,unassigned,MMA--09---,MEN--09---,MSC--09---
1920,MWBDV10IT-,MADD-09---,MEN--09C--,MADGE09---,MSS--09C--,MPHE-09---,unassigned,MMA--09C--
1921,MSC--09---,MPHE-09--L,MADW-09---,unassigned,unassigned,MMA--09---,MADD-09---,MEN--09---
1922,MPHE-09---,MSC--09---,MMA--09---,unassigned,unassigned,MADGE09---,MADEM10---,MSS--09---
1923,MDNC-09H--,MPHE-09G--,MMA--09---,MSP--09---,unassigned,MSC--09---,MSS--09---,MEN--09---
1924,MPHE-09G--,MSC--09---,MDNC-09M-L,MDNC-09C-L,MADT-09---,MMA--09---,MEN--09---,MSS--09---
1925,MDR--09---,MFR--09---,MEN--09---,unassigned,unassigned,MMA--09---,MSS--09---,MSC--09---
1926,MSC--09---,MPHE-09--L,MMA--09---,MEN--09---,XLDCB09LSL,MADER09---,MSS--09---,unassigned
1927,MPHE-09G--,MFR--09---,MMA--09---,MADT-09---,unassigned,MEN--09---,MSS--09---,MSC--09---
1928,MSC--09---,MPHE-09G--,MDNC-09M-L,MDNC-09C-L,MADD-09---,MEN--09E--,MSS--09---,unassigned
1929,MPHE-09B--,MSC--09---,MADD-09---,unassigned,unassigned,MMA--09---,MEN--09---,MSS--09---
1930,MPHE-09B--,MSC--09---,MADD-09---,MADEM10---,unassigned,MEN--09E--,MSS--09---,MADER09---
1931,unassigned,MEN--09C--,unassigned,MSC--09C--,MPHE-09--L,MADGE09---,XBA--09C-L,MADER09---
1932,MPHE-09B--,MEN--09C--,unassigned,MADGE09---,MSS--09C--,MWBDV10IT-,MFR--11---,MMA--09C--
1933,MDR--09---,unassigned,MPHE-09G--,MADEM10---,unassigned,MSC--09---,MEN--09---,MMA--09H--
1934,MWBDV10IT-,MMA--09C--,MEN--09C--,MSC--09C--,MSS--09C--,MPHE-09---,MADEM10---,unassigned
1935,MDR--09---,MSC--09---,MPHE-09G--,MADT-09---,unassigned,MEN--09---,MSS--09---,MMA--09H--
1936,MDR--09---,unassigned,MPHE-09G--,MEN--09---,unassigned,MSC--09---,MFR--09---,MMA--09H--
1937,MWBDV10IT-,MMA--09C--,MEN--09C--,MSC--09C--,MSS--09C--,MPHE-09---,MFR--11---,MVA--09---
1938,MPHE-09B--,MEN--09C--,unassigned,MSC--09C--,MSS--09C--,MADGE09---,MWBDV10IT-,MMA--09C--
1939,MSC--09---,MPHE-09G--,MMA--09---,unassigned,MADT-09---,MEN--09E--,MVA--09---,MSS--09---
1940,MPHE-09---,MEN--09C--,unassigned,MSC--09C--,MSS--09C--,MADER09---,MADEM10---,MMA--09C--
1941,MPHE-09G--,unassigned,MEN--09---,MADEM10---,unassigned,MSC--09---,MFR--11---,MMA--09H--
1942,MSS--09---,MSC--09---,MADT-09---,MADEM10---,unassigned,MPHE-09---,MEN--09---,MMA--09H--
1943,MSS--09---,MSC--09---,MADW-09---,unassigned,MPHE-09--L,MMA--09---,XLDCB09LSL,MEN--09---
1944,MSS--09---,MSC--09---,unassigned,MFR--09---,unassigned,MADER09---,XLDCB09LS-,MPHE-09B--
1945,MSS--09---,MPHE-09--L,MVA--09---,unassigned,XBA--09J-L,MSC--09---,MADEM10---,MEN--09---
1946,MDNC-09H--,MPHE-09G--,MDNC-09M-L,MDNC-09C-L,unassigned,MMA--09---,MEN--09---,MADT-09---
1947,MWBDV10IT-,MPHE-09--L,MEN--09---,MFR--09---,unassigned,MSC--09---,MSS--09---,MMA--09H--
1948,MPHE-09G--,MSC--09---,MMA--09---,MEN--09---,MADD-09---,MSS--09---,unassigned,MADT-09---
1949,XBA--09G--,MSC--09---,MMA--09---,unassigned,MPHE-09--L,MEN--09---,XBA--09C-L,MSS--09---
1950,MSS--09---,MADGE09---,MMA--09---,unassigned,MPHE-09--L,MEN--09---,MADD-09---,MSC--09---
1951,MWBDV10IT-,MMA--09C--,MEN--09C--,MSC--09C--,MSS--09C--,MPHE-09---,MADEM10---,unassigned
1952,MWBDV10IT-,MMA--09C--,MEN--09C--,MSC--09C--,MSS--09C--,MPHE-09---,MADGE09---,unassigned
1953,MPHE-09G--,MSC--09---,MFR--11---,MADEM10---,MDNC-09F--,MMA--09---,MEN--09---,MSS--09---
